{"label": "", "color": 0, "tstamp": 1.0, "dist": 0.0, "transferred": 0, "id": 0, "children": [{"label": "S", "color": 1, "tstamp": 0.7598644685243191, "dist": 0.2401355314756809, "transferred": 0, "sibling_nr": 0, "id": 1, "children": [{"label": "H", "color": [1, 2], "tstamp": 0.6551650003088125, "dist": 0.10469946821550657, "transferred": 0, "sibling_nr": 0, "id": 2, "children": [{"label": "H", "color": [1, 3], "tstamp": 0.3671895321804258, "dist": 0.2879754681283867, "transferred": 1, "sibling_nr": 0, "id": 5, "children": [{"label": "S", "color": 3, "tstamp": 0.22369029865634246, "dist": 0.14349923352408336, "transferred": 0, "sibling_nr": 0, "id": 6, "children": [{"label": "S", "color": 5, "tstamp": 0.1777836528145332, "dist": 0.04590664584180926, "transferred": 0, "sibling_nr": 0, "id": 11, "children": [{"label": "H", "color": [5, 6], "tstamp": 0.1531791522043003, "dist": 0.024604500610232893, "transferred": 0, "sibling_nr": 0, "id": 14, "children": [{"label": "H", "color": [5, 6], "tstamp": 0.11891807026478111, "dist": 0.0342610819395192, "transferred": 0, "sibling_nr": 0, "id": 18, "children": [{"label": "D", "color": [1, 2], "tstamp": 0.11241421263914128, "dist": 0.006503857625639833, "transferred": 1, "sibling_nr": 0, "id": 25, "children": [{"label": "26", "color": 2, "tstamp": 0.0, "dist": 0.11241421263914128, "transferred": 0, "sibling_nr": 0, "id": 26}, {"label": "27", "color": 2, "tstamp": 0.0, "dist": 0.11241421263914128, "transferred": 0, "sibling_nr": 1, "id": 27}]}, {"label": "H", "color": [5, 6], "tstamp": 0.10117198264125031, "dist": 0.017746087623530804, "transferred": 0, "sibling_nr": 1, "id": 24, "children": [{"label": "D", "color": [5, 6], "tstamp": 0.07307352125893496, "dist": 0.02809846138231535, "transferred": 0, "sibling_nr": 0, "id": 28, "children": [{"label": "S", "color": 6, "tstamp": 0.04335365536599867, "dist": 0.029719865892936292, "transferred": 0, "sibling_nr": 0, "id": 32, "children": [{"label": "S", "color": 11, "tstamp": 0.038183817693087915, "dist": 0.0051698376729107515, "transferred": 0, "sibling_nr": 0, "id": 47, "children": [{"label": "S", "color": 12, "tstamp": 0.03636417795210512, "dist": 0.0018196397409827939, "transferred": 0, "sibling_nr": 0, "id": 54, "children": [{"label": "S", "color": 15, "tstamp": 0.023503187300286204, "dist": 0.012860990651818918, "transferred": 0, "sibling_nr": 0, "id": 63, "children": [{"label": "S", "color": 16, "tstamp": 0.012571497235151314, "dist": 0.01093169006513489, "transferred": 0, "sibling_nr": 0, "id": 72, "children": [{"label": "80", "color": 18, "tstamp": 0.0, "dist": 0.012571497235151314, "transferred": 0, "sibling_nr": 0, "id": 80}, {"label": "81", "color": 19, "tstamp": 0.0, "dist": 0.012571497235151314, "transferred": 0, "sibling_nr": 1, "id": 81}]}, {"label": "73", "color": 17, "tstamp": 0.0, "dist": 0.023503187300286204, "transferred": 0, "sibling_nr": 1, "id": 73}]}, {"label": "62", "color": 14, "tstamp": 0.0, "dist": 0.03636417795210512, "transferred": 0, "sibling_nr": 1, "id": 62}]}, {"label": "55", "color": 13, "tstamp": 0.0, "dist": 0.038183817693087915, "transferred": 0, "sibling_nr": 1, "id": 55}]}, {"label": "46", "color": 10, "tstamp": 0.0, "dist": 0.04335365536599867, "transferred": 0, "sibling_nr": 1, "id": 46}]}, {"label": "S", "color": 6, "tstamp": 0.04335365536599867, "dist": 0.029719865892936292, "transferred": 0, "sibling_nr": 1, "id": 33, "children": [{"label": "S", "color": 11, "tstamp": 0.038183817693087915, "dist": 0.0051698376729107515, "transferred": 0, "sibling_nr": 0, "id": 49, "children": [{"label": "S", "color": 12, "tstamp": 0.03636417795210512, "dist": 0.0018196397409827939, "transferred": 0, "sibling_nr": 0, "id": 56, "children": [{"label": "S", "color": 15, "tstamp": 0.023503187300286204, "dist": 0.012860990651818918, "transferred": 0, "sibling_nr": 0, "id": 65, "children": [{"label": "S", "color": 16, "tstamp": 0.012571497235151314, "dist": 0.01093169006513489, "transferred": 0, "sibling_nr": 0, "id": 74, "children": [{"label": "82", "color": 18, "tstamp": 0.0, "dist": 0.012571497235151314, "transferred": 0, "sibling_nr": 0, "id": 82}, {"label": "83", "color": 19, "tstamp": 0.0, "dist": 0.012571497235151314, "transferred": 0, "sibling_nr": 1, "id": 83}]}, {"label": "75", "color": 17, "tstamp": 0.0, "dist": 0.023503187300286204, "transferred": 0, "sibling_nr": 1, "id": 75}]}, {"label": "64", "color": 14, "tstamp": 0.0, "dist": 0.03636417795210512, "transferred": 0, "sibling_nr": 1, "id": 64}]}, {"label": "57", "color": 13, "tstamp": 0.0, "dist": 0.038183817693087915, "transferred": 0, "sibling_nr": 1, "id": 57}]}, {"label": "48", "color": 10, "tstamp": 0.0, "dist": 0.04335365536599867, "transferred": 0, "sibling_nr": 1, "id": 48}]}]}, {"label": "29", "color": 2, "tstamp": 0.0, "dist": 0.10117198264125031, "transferred": 1, "sibling_nr": 1, "id": 29}]}]}, {"label": "D", "color": [5, 7], "tstamp": 0.08221233209593974, "dist": 0.07096682010836057, "transferred": 1, "sibling_nr": 1, "id": 19, "children": [{"label": "S", "color": 7, "tstamp": 0.07113256087318588, "dist": 0.01107977122275386, "transferred": 0, "sibling_nr": 0, "id": 30, "children": [{"label": "36", "color": 8, "tstamp": 0.0, "dist": 0.07113256087318588, "transferred": 0, "sibling_nr": 0, "id": 36}, {"label": "37", "color": 9, "tstamp": 0.0, "dist": 0.07113256087318588, "transferred": 0, "sibling_nr": 1, "id": 37}]}, {"label": "S", "color": 7, "tstamp": 0.07113256087318588, "dist": 0.01107977122275386, "transferred": 0, "sibling_nr": 1, "id": 31, "children": [{"label": "38", "color": 8, "tstamp": 0.0, "dist": 0.07113256087318588, "transferred": 0, "sibling_nr": 0, "id": 38}, {"label": "39", "color": 9, "tstamp": 0.0, "dist": 0.07113256087318588, "transferred": 0, "sibling_nr": 1, "id": 39}]}]}]}, {"label": "*", "color": [5, 7], "tstamp": 0.0721076281160249, "dist": 0.1056760246985083, "transferred": 0, "sibling_nr": 1, "id": 15}]}, {"label": "10", "color": 4, "tstamp": 0.0, "dist": 0.22369029865634246, "transferred": 0, "sibling_nr": 1, "id": 10}]}, {"label": "H", "color": [1, 2], "tstamp": 0.1318440833024849, "dist": 0.23534544887794093, "transferred": 1, "sibling_nr": 1, "id": 7, "children": [{"label": "D", "color": [3, 4], "tstamp": 0.02497650258853696, "dist": 0.10686758071394795, "transferred": 1, "sibling_nr": 0, "id": 23, "children": [{"label": "66", "color": 4, "tstamp": 0.0, "dist": 0.02497650258853696, "transferred": 0, "sibling_nr": 0, "id": 66}, {"label": "67", "color": 4, "tstamp": 0.0, "dist": 0.02497650258853696, "transferred": 0, "sibling_nr": 1, "id": 67}]}, {"label": "22", "color": 2, "tstamp": 0.0, "dist": 0.1318440833024849, "transferred": 0, "sibling_nr": 1, "id": 22}]}]}, {"label": "H", "color": [1, 2], "tstamp": 0.06971209019283002, "dist": 0.5854529101159825, "transferred": 0, "sibling_nr": 1, "id": 4, "children": [{"label": "40", "color": 2, "tstamp": 0.0, "dist": 0.06971209019283002, "transferred": 0, "sibling_nr": 0, "id": 40}, {"label": "41", "color": 4, "tstamp": 0.0, "dist": 0.06971209019283002, "transferred": 1, "sibling_nr": 1, "id": 41}]}]}, {"label": "D", "color": [1, 3], "tstamp": 0.31112081740273134, "dist": 0.44874365112158776, "transferred": 0, "sibling_nr": 1, "id": 3, "children": [{"label": "*", "color": [1, 3], "tstamp": 0.22595832917856484, "dist": 0.0851624882241665, "transferred": 0, "sibling_nr": 0, "id": 8}, {"label": "S", "color": 3, "tstamp": 0.22369029865634246, "dist": 0.08743051874638888, "transferred": 0, "sibling_nr": 1, "id": 9, "children": [{"label": "S", "color": 5, "tstamp": 0.1777836528145332, "dist": 0.04590664584180926, "transferred": 0, "sibling_nr": 0, "id": 13, "children": [{"label": "D", "color": [5, 6], "tstamp": 0.1453717783536531, "dist": 0.03241187446088009, "transferred": 0, "sibling_nr": 0, "id": 16, "children": [{"label": "S", "color": 6, "tstamp": 0.04335365536599867, "dist": 0.10201812298765445, "transferred": 0, "sibling_nr": 0, "id": 20, "children": [{"label": "S", "color": 11,