{"label": "", "color": 0, "tstamp": 1.0, "dist": 0.0, "transferred": 0, "id": 0, "children": [{"label": "D", "color": [0, 1], "tstamp": 0.721461200443205, "dist": 0.27853879955679495, "transferred": 0, "sibling_nr": 0, "id": 1, "children": [{"label": "D", "color": [0, 1], "tstamp": 0.5013672419967947, "dist": 0.22009395844641033, "transferred": 0, "sibling_nr": 0, "id": 3, "children": [{"label": "*", "color": [0, 1], "tstamp": 0.2881894253026859, "dist": 0.21317781669410885, "transferred": 0, "sibling_nr": 0, "id": 5}, {"label": "D", "color": [0, 1], "tstamp": 0.28037318869591443, "dist": 0.2209940533008803, "transferred": 0, "sibling_nr": 1, "id": 4, "children": [{"label": "D", "color": [0, 1], "tstamp": 0.27199542217405326, "dist": 0.008377766521861174, "transferred": 0, "sibling_nr": 0, "id": 7, "children": [{"label": "D", "color": [0, 1], "tstamp": 0.1524089823989693, "dist": 0.11958643977508396, "transferred": 0, "sibling_nr": 0, "id": 9, "children": [{"label": "S", "color": 1, "tstamp": 0.022764900928309184, "dist": 0.12964408147066012, "transferred": 0, "sibling_nr": 0, "id": 10, "children": [{"label": "S", "color": 3, "tstamp": 0.01223032788003783, "dist": 0.010534573048271354, "transferred": 0, "sibling_nr": 0, "id": 17, "children": [{"label": "S", "color": 5, "tstamp": 0.004687633621976747, "dist": 0.007542694258061083, "transferred": 0, "sibling_nr": 0, "id": 25, "children": [{"label": "S", "color": 7, "tstamp": 0.001069241593437978, "dist": 0.0036183920285387692, "transferred": 0, "sibling_nr": 0, "id": 33, "children": [{"label": "S", "color": 8, "tstamp": 3.7213309091432724e-05, "dist": 0.0010320282843465454, "transferred": 0, "sibling_nr": 0, "id": 40, "children": [{"label": "S", "color": 11, "tstamp": 2.8090654065486092e-05, "dist": 9.122655025946632e-06, "transferred": 0, "sibling_nr": 0, "id": 49, "children": [{"label": "S", "color": 12, "tstamp": 1.3179766281149088e-05, "dist": 1.4910887784337004e-05, "transferred": 0, "sibling_nr": 0, "id": 56, "children": [{"label": "S", "color": 16, "tstamp": 1.0962306080981898e-05, "dist": 2.21746020016719e-06, "transferred": 0, "sibling_nr": 0, "id": 64, "children": [{"label": "72", "color": 18, "tstamp": 0.0, "dist": 1.0962306080981898e-05, "transferred": 0, "sibling_nr": 0, "id": 72}, {"label": "73", "color": 19, "tstamp": 0.0, "dist": 1.0962306080981898e-05, "transferred": 0, "sibling_nr": 1, "id": 73}]}, {"label": "65", "color": 17, "tstamp": 0.0, "dist": 1.3179766281149088e-05, "transferred": 0, "sibling_nr": 1, "id": 65}]}, {"label": "S", "color": 13, "tstamp": 7.435064759515514e-06, "dist": 2.0655589305970577e-05, "transferred": 0, "sibling_nr": 1, "id": 57, "children": [{"label": "80", "color": 14, "tstamp": 0.0, "dist": 7.435064759515514e-06, "transferred": 0, "sibling_nr": 0, "id": 80}, {"label": "81", "color": 15, "tstamp": 0.0, "dist": 7.435064759515514e-06, "transferred": 0, "sibling_nr": 1, "id": 81}]}]}, {"label": "48", "color": 10, "tstamp": 0.0, "dist": 3.7213309091432724e-05, "transferred": 0, "sibling_nr": 1, "id": 48}]}, {"label": "41", "color": 9, "tstamp": 0.0, "dist": 0.001069241593437978, "transferred": 0, "sibling_nr": 1, "id": 41}]}, {"label": "32", "color": 6, "tstamp": 0.0, "dist": 0.004687633621976747, "transferred": 0, "sibling_nr": 1, "id": 32}]}, {"label": "24", "color": 4, "tstamp": 0.0, "dist": 0.01223032788003783, "transferred": 0, "sibling_nr": 1, "id": 24}]}, {"label": "16", "color": 2, "tstamp": 0.0, "dist": 0.022764900928309184, "transferred": 0, "sibling_nr": 1, "id": 16}]}, {"label": "S", "color": 1, "tstamp": 0.022764900928309184, "dist": 0.12964408147066012, "transferred": 0, "sibling_nr": 1, "id": 11, "children": [{"label": "S", "color": 3, "tstamp": 0.01223032788003783, "dist": 0.010534573048271354, "transferred": 0, "sibling_nr": 0, "id": 19, "children": [{"label": "S", "color": 5, "tstamp": 0.004687633621976747, "dist": 0.007542694258061083, "transferred": 0, "sibling_nr": 0, "id": 27, "children": [{"label": "S", "color": 7, "tstamp": 0.001069241593437978, "dist": 0.0036183920285387692, "transferred": 0, "sibling_nr": 0, "id": 35, "children": [{"label": "S", "color": 8, "tstamp": 3.7213309091432724e-05, "dist": 0.0010320282843465454, "transferred": 0, "sibling_nr": 0, "id": 42, "children": [{"label": "S", "color": 11, "tstamp": 2.8090654065486092e-05, "dist": 9.122655025946632e-06, "transferred": 0, "sibling_nr": 0, "id": 51, "children": [{"label": "S", "color": 12, "tstamp": 1.3179766281149088e-05, "dist": 1.4910887784337004e-05, "transferred": 0, "sibling_nr": 0, "id": 58, "children": [{"label": "S", "color": 16, "tstamp": 1.0962306080981898e-05, "dist": 2.21746020016719e-06, "transferred": 0, "sibling_nr": 0, "id": 66, "children": [{"label": "74", "color": 18, "tstamp": 0.0, "dist": 1.0962306080981898e-05, "transferred": 0, "sibling_nr": 0, "id": 74}, {"label": "75", "color": 19, "tstamp": 0.0, "dist": 1.0962306080981898e-05, "transferred": 0, "sibling_nr": 1, "id": 75}]}, {"label": "67", "color": 17, "tstamp": 0.0, "dist": 1.3179766281149088e-05, "transferred": 0, "sibling_nr": 1, "id": 67}]}, {"label": "S", "color": 13, "tstamp": 7.435064759515514e-06, "dist": 2.0655589305970577e-05, "transferred": 0, "sibling_nr": 1, "id": 59, "children": [{"label": "82", "color": 14, "tstamp": 0.0, "dist": 7.435064759515514e-06, "transferred": 0, "sibling_nr": 0, "id": 82}, {"label": "83", "color": 15, "tstamp": 0.0, "dist": 7.435064759515514e-06, "transferred": 0, "sibling_nr": 1, "id": 83}]}]}, {"label": "50", "color": 10, "tstamp": 0.0, "dist": 3.7213309091432724e-05, "transferred": 0, "sibling_nr": 1, "id": 50}]}, {"label": "43", "color": 9, "tstamp": 0.0, "dist": 0.001069241593437978, "transferred": 0, "sibling_nr": 1, "id": 43}]}, {"label": "34", "color": 6, "tstamp": 0.0, "dist": 0.004687633621976747, "transferred": 0, "sibling_nr": 1, "id": 34}]}, {"label": "26", "color": 4, "tstamp": 0.0, "dist": 0.01223032788003783, "transferred": 0, "sibling_nr": 1, "id": 26}]}, {"label": "18", "color": 2, "tstamp": 0.0, "dist": 0.022764900928309184, "transferred": 0, "sibling_nr": 1, "id": 18}]}]}, {"label": "S", "color": 1, "tstamp": 0.022764900928309184, "dist": 0.24923052124574407, "transferred": 0, "sibling_nr": 1, "id": 8, "children": [{"label": "S", "color": 3, "tstamp": 0.01223032788003783, "dist": 0.010534573048271354, "transferred": 0, "sibling_nr": 0, "id": 15, "children": [{"label": "S", "color": 5, "tstamp": 0.004687633621976747, "dist": 0.007542694258061083, "transferred": 0, "sibling_nr": 0, "id": 23, "children": [{"label": "S", "color": 7, "tstamp": 0.001069241593437978, "dist": 0.0036183920285387692, "transferred": 0, "sibling_nr": 0, "id": 31, "children": [{"label": "S", "color": 8, "tstamp": 3.7213309091432724e-05, "dist": 0.0010320282843465454, "transferred": 0, "sibling_nr": 0, "id": 38, "children": [{"label": "S", "color": 11, "tstamp": 2.8090654065486092e-05, "dist": 9.122655025946632e-06, "transferred": 0, "sibling_nr": 0, "id": 47, "children": [{"label": "S", "color": 12, "tstamp": 1.3179766281149088e-05, "dist": 1.4910887784337004e-05, "transferred": 0, "sibling_nr": 0, "id": 54, "children": [{"label": "S", "color": 16, "tstamp": 1.0962306080981898e-05, "dist": 2.21746020016719e-06, "transferred": 0, "sibling_nr": 0, "id": 62, "children": [{"label": "70", "color": 18, "tstamp": 0.0, "dist": 1.0962306080981898e-05, "transferred": 0, "sibling_nr": 0, "id": 70}, {"label": "71", "color": 19, "tstamp": 0.0, "dist": 1.0962306080981898e-05, "transferred": 0, "sibling_nr": 1, "id": 71}]}, {"label": "63", "color": 17, "tstamp": 0.0, "dist": 1.3179766281149088e-05, "transferred": 0, "sibling_nr": 1, "id": 63}]}, {"label": "S", "color": 13, "tstamp": 7.435064759515514e-06, "dist": 2.0655589305970577e-05, "transferred": 0, "sibling_nr": 1, "id": 55, "children": [{"label": "78", "color": 14, "tstamp": 0.0, "dist": 7.435064759515514e-06, "transferred": 0, "sibling_nr": 0, "id": 78}, {"label": "79", "color": 15, "tstamp": 0.0,