{"label": "", "color": 0, "tstamp": 1.0, "dist": 0.0, "transferred": 0, "id": 0, "children": [{"label": "S", "color": 1, "tstamp": 0.8387422102591808, "dist": 0.16125778974081917, "transferred": 0, "sibling_nr": 0, "id": 1, "children": [{"label": "*", "color": [1, 3], "tstamp": 0.6203470006074437, "dist": 0.2183952096517371, "transferred": 0, "sibling_nr": 0, "id": 3}, {"label": "S", "color": 2, "tstamp": 0.43818883373123074, "dist": 0.4005533765279501, "transferred": 0, "sibling_nr": 1, "id": 2, "children": [{"label": "S", "color": 5, "tstamp": 0.35905634627482647, "dist": 0.07913248745640428, "transferred": 0, "sibling_nr": 0, "id": 5, "children": [{"label": "D", "color": [5, 7], "tstamp": 0.34068519372186357, "dist": 0.0183711525529629, "transferred": 0, "sibling_nr": 0, "id": 7, "children": [{"label": "D", "color": [5, 7], "tstamp": 0.3378279535763001, "dist": 0.002857240145563489, "transferred": 0, "sibling_nr": 0, "id": 9, "children": [{"label": "D", "color": [5, 7], "tstamp": 0.31699477136368276, "dist": 0.02083318221261732, "transferred": 0, "sibling_nr": 0, "id": 10, "children": [{"label": "12", "color": 7, "tstamp": 0.0, "dist": 0.31699477136368276, "transferred": 0, "sibling_nr": 0, "id": 12}, {"label": "13", "color": 7, "tstamp": 0.0, "dist": 0.31699477136368276, "transferred": 0, "sibling_nr": 1, "id": 13}]}, {"label": "H", "color": [5, 7], "tstamp": 0.2687383426853392, "dist": 0.06908961089096088, "transferred": 0, "sibling_nr": 1, "id": 11, "children": [{"label": "D", "color": [5, 6], "tstamp": 0.08226640483141376, "dist": 0.18647193785392543, "transferred": 1, "sibling_nr": 0, "id": 15, "children": [{"label": "D", "color": [5, 6], "tstamp": 0.07833280473016985, "dist": 0.0039336001012439115, "transferred": 0, "sibling_nr": 0, "id": 20, "children": [{"label": "H", "color": [5, 6], "tstamp": 0.03425647572520551, "dist": 0.04407632900496434, "transferred": 0, "sibling_nr": 0, "id": 22, "children": [{"label": "S", "color": 6, "tstamp": 0.025216811569297427, "dist": 0.009039664155908081, "transferred": 0, "sibling_nr": 0, "id": 24, "children": [{"label": "S", "color": 9, "tstamp": 0.021136227728714343, "dist": 0.0040805838405830845, "transferred": 0, "sibling_nr": 0, "id": 33, "children": [{"label": "S", "color": 10, "tstamp": 0.011995809056158937, "dist": 0.009140418672555406, "transferred": 0, "sibling_nr": 0, "id": 42, "children": [{"label": "52", "color": 14, "tstamp": 0.0, "dist": 0.011995809056158937, "transferred": 0, "sibling_nr": 0, "id": 52}, {"label": "53", "color": 15, "tstamp": 0.0, "dist": 0.011995809056158937, "transferred": 0, "sibling_nr": 1, "id": 53}]}, {"label": "S", "color": 11, "tstamp": 0.008469889985022789, "dist": 0.012666337743691554, "transferred": 0, "sibling_nr": 1, "id": 43, "children": [{"label": "S", "color": 13, "tstamp": 0.003385026202414744, "dist": 0.005084863782608045, "transferred": 0, "sibling_nr": 0, "id": 63, "children": [{"label": "S", "color": 17, "tstamp": 0.0017405543679400086, "dist": 0.0016444718344747354, "transferred": 0, "sibling_nr": 0, "id": 73, "children": [{"label": "82", "color": 18, "tstamp": 0.0, "dist": 0.0017405543679400086, "transferred": 0, "sibling_nr": 0, "id": 82}, {"label": "83", "color": 19, "tstamp": 0.0, "dist": 0.0017405543679400086, "transferred": 0, "sibling_nr": 1, "id": 83}]}, {"label": "72", "color": 16, "tstamp": 0.0, "dist": 0.003385026202414744, "transferred": 0, "sibling_nr": 1, "id": 72}]}, {"label": "62", "color": 12, "tstamp": 0.0, "dist": 0.008469889985022789, "transferred": 0, "sibling_nr": 1, "id": 62}]}]}, {"label": "32", "color": 8, "tstamp": 0.0, "dist": 0.025216811569297427, "transferred": 0, "sibling_nr": 1, "id": 32}]}, {"label": "25", "color": 4, "tstamp": 0.0, "dist": 0.03425647572520551, "transferred": 1, "sibling_nr": 1, "id": 25}]}, {"label": "S", "color": 6, "tstamp": 0.025216811569297427, "dist": 0.05311599316087242, "transferred": 0, "sibling_nr": 1, "id": 23, "children": [{"label": "S", "color": 9, "tstamp": 0.021136227728714343, "dist": 0.0040805838405830845, "transferred": 0, "sibling_nr": 0, "id": 31, "children": [{"label": "S", "color": 10, "tstamp": 0.011995809056158937, "dist": 0.009140418672555406, "transferred": 0, "sibling_nr": 0, "id": 40, "children": [{"label": "50", "color": 14, "tstamp": 0.0, "dist": 0.011995809056158937, "transferred": 0, "sibling_nr": 0, "id": 50}, {"label": "51", "color": 15, "tstamp": 0.0, "dist": 0.011995809056158937, "transferred": 0, "sibling_nr": 1, "id": 51}]}, {"label": "S", "color": 11, "tstamp": 0.008469889985022789, "dist": 0.012666337743691554, "transferred": 0, "sibling_nr": 1, "id": 41, "children": [{"label": "S", "color": 13, "tstamp": 0.003385026202414744, "dist": 0.005084863782608045, "transferred": 0, "sibling_nr": 0, "id": 61, "children": [{"label": "S", "color": 17, "tstamp": 0.0017405543679400086, "dist": 0.0016444718344747354, "transferred": 0, "sibling_nr": 0, "id": 71, "children": [{"label": "80", "color": 18, "tstamp": 0.0, "dist": 0.0017405543679400086, "transferred": 0, "sibling_nr": 0, "id": 80}, {"label": "81", "color": 19, "tstamp": 0.0, "dist": 0.0017405543679400086, "transferred": 0, "sibling_nr": 1, "id": 81}]}, {"label": "70", "color": 16, "tstamp": 0.0, "dist": 0.003385026202414744, "transferred": 0, "sibling_nr": 1, "id": 70}]}, {"label": "60", "color": 12, "tstamp": 0.0, "dist": 0.008469889985022789, "transferred": 0, "sibling_nr": 1, "id": 60}]}]}, {"label": "30", "color": 8, "tstamp": 0.0, "dist": 0.025216811569297427, "transferred": 0, "sibling_nr": 1, "id": 30}]}]}, {"label": "S", "color": 6, "tstamp": 0.025216811569297427, "dist": 0.05704959326211633, "transferred": 0, "sibling_nr": 1, "id": 21, "children": [{"label": "S", "color": 9, "tstamp": 0.021136227728714343, "dist": 0.0040805838405830845, "transferred": 0, "sibling_nr": 0, "id": 29, "children": [{"label": "S", "color": 10, "tstamp": 0.011995809056158937, "dist": 0.009140418672555406, "transferred": 0, "sibling_nr": 0, "id": 38, "children": [{"label": "*", "color": [10, 15], "tstamp": 0.008484292971360916, "dist": 0.0035115160847980203, "transferred": 0, "sibling_nr": 0, "id": 49}, {"label": "48", "color": 14, "tstamp": 0.0, "dist": 0.011995809056158937, "transferred": 0, "sibling_nr": 1, "id": 48}]}, {"label": "S", "color": 11, "tstamp": 0.008469889985022789, "dist": 0.012666337743691554, "transferred": 0, "sibling_nr": 1, "id": 39, "children": [{"label": "S", "color": 13, "tstamp": 0.003385026202414744, "dist": 0.005084863782608045, "transferred": 0, "sibling_nr": 0, "id": 59, "children": [{"label": "S", "color": 17, "tstamp": 0.0017405543679400086, "dist": 0.0016444718344747354, "transferred": 0, "sibling_nr": 0, "id": 69, "children": [{"label": "78", "color": 18, "tstamp": 0.0, "dist": 0.0017405543679400086, "transferred": 0, "sibling_nr": 0, "id": 78}, {"label": "79", "color": 19, "tstamp": 0.0, "dist": 0.0017405543679400086, "transferred": 0, "sibling_nr": 1, "id": 79}]}, {"label": "68", "color": 16, "tstamp": 0.0, "dist": 0.003385026202414744, "transferred": 0, "sibling_nr": 1, "id": 68}]}, {"label": "58", "color": 12, "tstamp": 0.0, "dist": 0.008469889985022789, "transferred": 0, "sibling_nr": 1, "id": 58}]}]}, {"label": "28", "color": 8, "tstamp": 0.0, "dist": 0.025216811569297427, "transferred": 0, "sibling_nr": 1, "id": 28}]}]}, {"label": "*", "color": [5, 7], "tstamp": 0.017707766496666884, "dist": 0.2510305761886723, "transferred": 0, "sibling_nr": 1, "id": 14}]}]}, {"label": "8", "color": 7, "tstamp": 0.0, "dist": 0.34068519372186357, "transferred": 0, "sibling_nr": 1, "id": 8}]}, {"label": "H", "color": [5, 6], "tstamp": 0.25770353343433655, "dist": 0.10135281284048991, "transferred": 0, "sibling_nr": 1, "id": 6, "children": [{"label": "D", "color": [2, 4], "tstamp": 0.08582326121116968, "dist": 0.17188027222316687, "transferred": 1, "sibling_nr": 0, "id": 17, "children": [{"label": "18", "color": 4, "tstamp": 0.0, "dist": 0.08582326121116968, "transferred": 0, "sibling_nr": 0,