{"label": "", "color": 0, "tstamp": 1.0, "dist": 0.0, "transferred": 0, "id": 0, "children": [{"label": "S", "color": 1, "tstamp": 0.8213959019155239, "dist": 0.17860409808447608, "transferred": 0, "sibling_nr": 0, "id": 1, "children": [{"label": "H", "color": [1, 3], "tstamp": 0.8010001757271253, "dist": 0.020395726188398577, "transferred": 0, "sibling_nr": 0, "id": 3, "children": [{"label": "S", "color": 3, "tstamp": 0.7696608065648116, "dist": 0.031339369162313724, "transferred": 0, "sibling_nr": 0, "id": 4, "children": [{"label": "D", "color": [3, 5], "tstamp": 0.7440967222231284, "dist": 0.025564084341683224, "transferred": 0, "sibling_nr": 0, "id": 7, "children": [{"label": "D", "color": [3, 5], "tstamp": 0.5430447144868769, "dist": 0.20105200773625154, "transferred": 0, "sibling_nr": 0, "id": 9, "children": [{"label": "S", "color": 5, "tstamp": 0.539088596463831, "dist": 0.0039561180230458515, "transferred": 0, "sibling_nr": 0, "id": 10, "children": [{"label": "*", "color": [5, 7], "tstamp": 0.5238244936910046, "dist": 0.015264102772826416, "transferred": 0, "sibling_nr": 0, "id": 15}, {"label": "H", "color": [5, 6], "tstamp": 0.2023981544869553, "dist": 0.3366904419768757, "transferred": 0, "sibling_nr": 1, "id": 14, "children": [{"label": "40", "color": 6, "tstamp": 0.0, "dist": 0.2023981544869553, "transferred": 0, "sibling_nr": 0, "id": 40}, {"label": "41", "color": 8, "tstamp": 0.0, "dist": 0.2023981544869553, "transferred": 1, "sibling_nr": 1, "id": 41}]}]}, {"label": "S", "color": 5, "tstamp": 0.539088596463831, "dist": 0.0039561180230458515, "transferred": 0, "sibling_nr": 1, "id": 11, "children": [{"label": "S", "color": 7, "tstamp": 0.520333384385411, "dist": 0.018755212078420014, "transferred": 0, "sibling_nr": 0, "id": 17, "children": [{"label": "H", "color": [7, 8], "tstamp": 0.46101709455335455, "dist": 0.059316289832056446, "transferred": 0, "sibling_nr": 0, "id": 20, "children": [{"label": "D", "color": [1, 2], "tstamp": 0.4304547063371689, "dist": 0.03056238821618562, "transferred": 1, "sibling_nr": 0, "id": 23, "children": [{"label": "S", "color": 2, "tstamp": 0.1384168668433722, "dist": 0.2920378394937967, "transferred": 0, "sibling_nr": 0, "id": 24, "children": [{"label": "S", "color": 15, "tstamp": 0.11857130237504745, "dist": 0.01984556446832475, "transferred": 0, "sibling_nr": 0, "id": 45, "children": [{"label": "S", "color": 16, "tstamp": 0.04536101040723683, "dist": 0.07321029196781062, "transferred": 0, "sibling_nr": 0, "id": 52, "children": [{"label": "68", "color": 18, "tstamp": 0.0, "dist": 0.04536101040723683, "transferred": 0, "sibling_nr": 0, "id": 68}, {"label": "69", "color": 19, "tstamp": 0.0, "dist": 0.04536101040723683, "transferred": 0, "sibling_nr": 1, "id": 69}]}, {"label": "53", "color": 17, "tstamp": 0.0, "dist": 0.11857130237504745, "transferred": 0, "sibling_nr": 1, "id": 53}]}, {"label": "44", "color": 14, "tstamp": 0.0, "dist": 0.1384168668433722, "transferred": 0, "sibling_nr": 1, "id": 44}]}, {"label": "S", "color": 2, "tstamp": 0.1384168668433722, "dist": 0.2920378394937967, "transferred": 0, "sibling_nr": 1, "id": 25, "children": [{"label": "S", "color": 15, "tstamp": 0.11857130237504745, "dist": 0.01984556446832475, "transferred": 0, "sibling_nr": 0, "id": 47, "children": [{"label": "H", "color": [15, 16], "tstamp": 0.09836944074615789, "dist": 0.020201861628889567, "transferred": 0, "sibling_nr": 0, "id": 54, "children": [{"label": "S", "color": 16, "tstamp": 0.04536101040723683, "dist": 0.05300843033892106, "transferred": 0, "sibling_nr": 0, "id": 60, "children": [{"label": "70", "color": 18, "tstamp": 0.0, "dist": 0.04536101040723683, "transferred": 0, "sibling_nr": 0, "id": 70}, {"label": "71", "color": 19, "tstamp": 0.0, "dist": 0.04536101040723683, "transferred": 0, "sibling_nr": 1, "id": 71}]}, {"label": "H", "color": [9, 10], "tstamp": 0.011495325294314646, "dist": 0.08687411545184325, "transferred": 1, "sibling_nr": 1, "id": 61, "children": [{"label": "87", "color": 8, "tstamp": 0.0, "dist": 0.011495325294314646, "transferred": 1, "sibling_nr": 0, "id": 87}, {"label": "86", "color": 10, "tstamp": 0.0, "dist": 0.011495325294314646, "transferred": 0, "sibling_nr": 1, "id": 86}]}]}, {"label": "H", "color": [15, 17], "tstamp": 0.09256905636568356, "dist": 0.02600224600936389, "transferred": 0, "sibling_nr": 1, "id": 55, "children": [{"label": "62", "color": 17, "tstamp": 0.0, "dist": 0.09256905636568356, "transferred": 0, "sibling_nr": 0, "id": 62}, {"label": "63", "color": 4, "tstamp": 0.0, "dist": 0.09256905636568356, "transferred": 1, "sibling_nr": 1, "id": 63}]}]}, {"label": "46", "color": 14, "tstamp": 0.0, "dist": 0.1384168668433722, "transferred": 0, "sibling_nr": 1, "id": 46}]}]}, {"label": "22", "color": 8, "tstamp": 0.0, "dist": 0.46101709455335455, "transferred": 0, "sibling_nr": 1, "id": 22}]}, {"label": "S", "color": 9, "tstamp": 0.28016634891156333, "dist": 0.24016703547384766, "transferred": 0, "sibling_nr": 1, "id": 21, "children": [{"label": "S", "color": 11, "tstamp": 0.27954000359668546, "dist": 0.0006263453148778741, "transferred": 0, "sibling_nr": 0, "id": 31, "children": [{"label": "34", "color": 12, "tstamp": 0.0, "dist": 0.27954000359668546, "transferred": 0, "sibling_nr": 0, "id": 34}, {"label": "35", "color": 13, "tstamp": 0.0, "dist": 0.27954000359668546, "transferred": 0, "sibling_nr": 1, "id": 35}]}, {"label": "H", "color": [9, 10], "tstamp": 0.014540285365565325, "dist": 0.265626063545998, "transferred": 0, "sibling_nr": 1, "id": 30, "children": [{"label": "84", "color": 10, "tstamp": 0.0, "dist": 0.014540285365565325, "transferred": 0, "sibling_nr": 0, "id": 84}, {"label": "85", "color": 13, "tstamp": 0.0, "dist": 0.014540285365565325, "transferred": 1, "sibling_nr": 1, "id": 85}]}]}]}, {"label": "*", "color": [5, 6], "tstamp": 0.435061067798158, "dist": 0.104027528665673, "transferred": 0, "sibling_nr": 1, "id": 16}]}]}, {"label": "S", "color": 5, "tstamp": 0.539088596463831, "dist": 0.2050081257592974, "transferred": 0, "sibling_nr": 1, "id": 8, "children": [{"label": "S", "color": 7, "tstamp": 0.520333384385411, "dist": 0.018755212078420014, "transferred": 0, "sibling_nr": 0, "id": 13, "children": [{"label": "S", "color": 9, "tstamp": 0.28016634891156333, "dist": 0.24016703547384766, "transferred": 0, "sibling_nr": 0, "id": 19, "children": [{"label": "S", "color": 11, "tstamp": 0.27954000359668546, "dist": 0.0006263453148778741, "transferred": 0, "sibling_nr": 0, "id": 29, "children": [{"label": "32", "color": 12, "tstamp": 0.0, "dist": 0.27954000359668546, "transferred": 0, "sibling_nr": 0, "id": 32}, {"label": "33", "color": 13, "tstamp": 0.0, "dist": 0.27954000359668546, "transferred": 0, "sibling_nr": 1, "id": 33}]}, {"label": "*", "color": [9, 10], "tstamp": 0.1330671174640255, "dist": 0.14709923144753784, "transferred": 0, "sibling_nr": 1, "id": 28}]}, {"label": "18", "color": 8, "tstamp": 0.0, "dist": 0.520333384385411, "transferred": 0, "sibling_nr": 1, "id": 18}]}, {"label": "D", "color": [5, 6], "tstamp": 0.25180492636535656, "dist": 0.28728367009847444, "transferred": 0, "sibling_nr": 1, "id": 12, "children": [{"label": "H", "color": [5, 6], "tstamp": 0.03561351998015992, "dist": 0.21619140638519663, "transferred": 0, "sibling_nr": 0, "id": 38, "children": [{"label": "79", "color": 17, "tstamp": 0.0, "dist": 0.03561351998015992, "transferred": 1, "sibling_nr": 0, "id": 79}, {"label": "78", "color": 6, "tstamp": 0.0, "dist": 0.03561351998015992, "transferred": 0, "sibling_nr": 1, "id": 78}]}, {"label": "39", "color": 6, "tstamp": 0.0, "dist": 0.25180492636535656, "transferred": 0, "sibling_nr": 1, "id": 39}]}]}]}, {"label": "D", "color": [3, 4], "tstamp": 0.1561369301432104, "dist": 0.6135238764216012, "transferred": 0, "sibling_nr": 1, "id": 6, "children": [{"label": "H", "color": [3, 4], "tstamp": 0.020172805553033035, "dist": 0.13596412459017737, "transferred": 0, "sibling_nr": 0, "id": 42, "children": [{"label": "82", "color": 4,