{"label": "", "color": 0, "tstamp": 1.0, "dist": 0.0, "transferred": 0, "id": 0, "children": [{"label": "D", "color": [0, 1], "tstamp": 0.27186755854156086, "dist": 0.7281324414584391, "transferred": 0, "sibling_nr": 0, "id": 1, "children": [{"label": "D", "color": [0, 1], "tstamp": 0.2615436261861038, "dist": 0.010323932355457088, "transferred": 0, "sibling_nr": 0, "id": 2, "children": [{"label": "D", "color": [0, 1], "tstamp": 0.2372104500547356, "dist": 0.024333176131368178, "transferred": 0, "sibling_nr": 0, "id": 5, "children": [{"label": "D", "color": [0, 1], "tstamp": 0.23446599958027772, "dist": 0.0027444504744578713, "transferred": 0, "sibling_nr": 0, "id": 7, "children": [{"label": "S", "color": 1, "tstamp": 0.08028703688175376, "dist": 0.15417896269852396, "transferred": 0, "sibling_nr": 0, "id": 8, "children": [{"label": "S", "color": 2, "tstamp": 0.04065532252251295, "dist": 0.03963171435924081, "transferred": 0, "sibling_nr": 0, "id": 14, "children": [{"label": "S", "color": 5, "tstamp": 0.02556227347866379, "dist": 0.015093049043849161, "transferred": 0, "sibling_nr": 0, "id": 23, "children": [{"label": "S", "color": 7, "tstamp": 0.01684446721490935, "dist": 0.00871780626375444, "transferred": 0, "sibling_nr": 0, "id": 31, "children": [{"label": "S", "color": 9, "tstamp": 0.013016868052997914, "dist": 0.003827599161911435, "transferred": 0, "sibling_nr": 0, "id": 39, "children": [{"label": "S", "color": 10, "tstamp": 0.008329849652173479, "dist": 0.0046870184008244355, "transferred": 0, "sibling_nr": 0, "id": 46, "children": [{"label": "S", "color": 13, "tstamp": 0.0034923943151016932, "dist": 0.0048374553370717855, "transferred": 0, "sibling_nr": 0, "id": 55, "children": [{"label": "S", "color": 14, "tstamp": 0.0008584469626211145, "dist": 0.0026339473524805788, "transferred": 0, "sibling_nr": 0, "id": 62, "children": [{"label": "70", "color": 18, "tstamp": 0.0, "dist": 0.0008584469626211145, "transferred": 0, "sibling_nr": 0, "id": 70}, {"label": "71", "color": 19, "tstamp": 0.0, "dist": 0.0008584469626211145, "transferred": 0, "sibling_nr": 1, "id": 71}]}, {"label": "S", "color": 15, "tstamp": 0.00022901066992850178, "dist": 0.0032633836451731913, "transferred": 0, "sibling_nr": 1, "id": 63, "children": [{"label": "78", "color": 16, "tstamp": 0.0, "dist": 0.00022901066992850178, "transferred": 0, "sibling_nr": 0, "id": 78}, {"label": "79", "color": 17, "tstamp": 0.0, "dist": 0.00022901066992850178, "transferred": 0, "sibling_nr": 1, "id": 79}]}]}, {"label": "54", "color": 12, "tstamp": 0.0, "dist": 0.008329849652173479, "transferred": 0, "sibling_nr": 1, "id": 54}]}, {"label": "47", "color": 11, "tstamp": 0.0, "dist": 0.013016868052997914, "transferred": 0, "sibling_nr": 1, "id": 47}]}, {"label": "38", "color": 8, "tstamp": 0.0, "dist": 0.01684446721490935, "transferred": 0, "sibling_nr": 1, "id": 38}]}, {"label": "30", "color": 6, "tstamp": 0.0, "dist": 0.02556227347866379, "transferred": 0, "sibling_nr": 1, "id": 30}]}, {"label": "22", "color": 4, "tstamp": 0.0, "dist": 0.04065532252251295, "transferred": 0, "sibling_nr": 1, "id": 22}]}, {"label": "15", "color": 3, "tstamp": 0.0, "dist": 0.08028703688175376, "transferred": 0, "sibling_nr": 1, "id": 15}]}, {"label": "S", "color": 1, "tstamp": 0.08028703688175376, "dist": 0.15417896269852396, "transferred": 0, "sibling_nr": 1, "id": 9, "children": [{"label": "S", "color": 2, "tstamp": 0.04065532252251295, "dist": 0.03963171435924081, "transferred": 0, "sibling_nr": 0, "id": 16, "children": [{"label": "S", "color": 5, "tstamp": 0.02556227347866379, "dist": 0.015093049043849161, "transferred": 0, "sibling_nr": 0, "id": 25, "children": [{"label": "S", "color": 7, "tstamp": 0.01684446721490935, "dist": 0.00871780626375444, "transferred": 0, "sibling_nr": 0, "id": 33, "children": [{"label": "S", "color": 9, "tstamp": 0.013016868052997914, "dist": 0.003827599161911435, "transferred": 0, "sibling_nr": 0, "id": 41, "children": [{"label": "S", "color": 10, "tstamp": 0.008329849652173479, "dist": 0.0046870184008244355, "transferred": 0, "sibling_nr": 0, "id": 48, "children": [{"label": "S", "color": 13, "tstamp": 0.0034923943151016932, "dist": 0.0048374553370717855, "transferred": 0, "sibling_nr": 0, "id": 57, "children": [{"label": "S", "color": 14, "tstamp": 0.0008584469626211145, "dist": 0.0026339473524805788, "transferred": 0, "sibling_nr": 0, "id": 64, "children": [{"label": "72", "color": 18, "tstamp": 0.0, "dist": 0.0008584469626211145, "transferred": 0, "sibling_nr": 0, "id": 72}, {"label": "73", "color": 19, "tstamp": 0.0, "dist": 0.0008584469626211145, "transferred": 0, "sibling_nr": 1, "id": 73}]}, {"label": "S", "color": 15, "tstamp": 0.00022901066992850178, "dist": 0.0032633836451731913, "transferred": 0, "sibling_nr": 1, "id": 65, "children": [{"label": "80", "color": 16, "tstamp": 0.0, "dist": 0.00022901066992850178, "transferred": 0, "sibling_nr": 0, "id": 80}, {"label": "81", "color": 17, "tstamp": 0.0, "dist": 0.00022901066992850178, "transferred": 0, "sibling_nr": 1, "id": 81}]}]}, {"label": "56", "color": 12, "tstamp": 0.0, "dist": 0.008329849652173479, "transferred": 0, "sibling_nr": 1, "id": 56}]}, {"label": "49", "color": 11, "tstamp": 0.0, "dist": 0.013016868052997914, "transferred": 0, "sibling_nr": 1, "id": 49}]}, {"label": "40", "color": 8, "tstamp": 0.0, "dist": 0.01684446721490935, "transferred": 0, "sibling_nr": 1, "id": 40}]}, {"label": "32", "color": 6, "tstamp": 0.0, "dist": 0.02556227347866379, "transferred": 0, "sibling_nr": 1, "id": 32}]}, {"label": "24", "color": 4, "tstamp": 0.0, "dist": 0.04065532252251295, "transferred": 0, "sibling_nr": 1, "id": 24}]}, {"label": "17", "color": 3, "tstamp": 0.0, "dist": 0.08028703688175376, "transferred": 0, "sibling_nr": 1, "id": 17}]}]}, {"label": "*", "color": [0, 1], "tstamp": 0.21605249412595304, "dist": 0.021157955928782557, "transferred": 0, "sibling_nr": 1, "id": 6}]}, {"label": "S", "color": 1, "tstamp": 0.08028703688175376, "dist": 0.18125658930435, "transferred": 0, "sibling_nr": 1, "id": 4, "children": [{"label": "S", "color": 2, "tstamp": 0.04065532252251295, "dist": 0.03963171435924081, "transferred": 0, "sibling_nr": 0, "id": 12, "children": [{"label": "S", "color": 5, "tstamp": 0.02556227347866379, "dist": 0.015093049043849161, "transferred": 0, "sibling_nr": 0, "id": 21, "children": [{"label": "S", "color": 7, "tstamp": 0.01684446721490935, "dist": 0.00871780626375444, "transferred": 0, "sibling_nr": 0, "id": 29, "children": [{"label": "S", "color": 9, "tstamp": 0.013016868052997914, "dist": 0.003827599161911435, "transferred": 0, "sibling_nr": 0, "id": 37, "children": [{"label": "S", "color": 10, "tstamp": 0.008329849652173479, "dist": 0.0046870184008244355, "transferred": 0, "sibling_nr": 0, "id": 44, "children": [{"label": "S", "color": 13, "tstamp": 0.0034923943151016932, "dist": 0.0048374553370717855, "transferred": 0, "sibling_nr": 0, "id": 53, "children": [{"label": "S", "color": 14, "tstamp": 0.0008584469626211145, "dist": 0.0026339473524805788, "transferred": 0, "sibling_nr": 0, "id": 60, "children": [{"label": "68", "color": 18, "tstamp": 0.0, "dist": 0.0008584469626211145, "transferred": 0, "sibling_nr": 0, "id": 68}, {"label": "69", "color": 19, "tstamp": 0.0, "dist": 0.0008584469626211145, "transferred": 0, "sibling_nr": 1, "id": 69}]}, {"label": "S", "color": 15, "tstamp": 0.00022901066992850178, "dist": 0.0032633836451731913, "transferred": 0, "sibling_nr": 1, "id": 61, "children": [{"label": "76", "color": 16, "tstamp": 0.0, "dist": 0.00022901066992850178, "transferred": 0, "sibling_nr": 0, "id": 76}, {"label": "77", "color": 17, "tstamp": 0.0, "dist": 0.00022901066992850178, "transferred": 0, "sibling_nr": 1, "id": 77}]}]}, {"label": "52", "color": 12, "tstamp": 0.0, "dist": 0.008329849652173479, "transferred": 0, "sibling_nr": 1, "id": 52}]}, {"label": "45", "color": 11, "tstamp": 0.0, "dist": 0.013016868052997914, "transferred": 0, "sibling_nr": 1, "id": 45}]}, {"label": "36",