{"label": "", "color": 0, "tstamp": 1.0, "dist": 0.0, "transferred": 0, "id": 0, "children": [{"label": "S", "color": 1, "tstamp": 0.9809286818022852, "dist": 0.019071318197714793, "transferred": 0, "sibling_nr": 0, "id": 1, "children": [{"label": "S", "color": 3, "tstamp": 0.8614836143151164, "dist": 0.11944506748716877, "transferred": 0, "sibling_nr": 0, "id": 3, "children": [{"label": "S", "color": 4, "tstamp": 0.7553588299590432, "dist": 0.1061247843560732, "transferred": 0, "sibling_nr": 0, "id": 4, "children": [{"label": "S", "color": 7, "tstamp": 0.5641135138822172, "dist": 0.19124531607682604, "transferred": 0, "sibling_nr": 0, "id": 7, "children": [{"label": "H", "color": [7, 9], "tstamp": 0.4176890879245979, "dist": 0.1464244259576193, "transferred": 0, "sibling_nr": 0, "id": 11, "children": [{"label": "D", "color": [3, 5], "tstamp": 0.4079604656188698, "dist": 0.00972862230572813, "transferred": 1, "sibling_nr": 0, "id": 15, "children": [{"label": "H", "color": [3, 5], "tstamp": 0.21042802703977276, "dist": 0.19753243857909702, "transferred": 0, "sibling_nr": 0, "id": 17, "children": [{"label": "D", "color": [9, 10], "tstamp": 0.09848751390777401, "dist": 0.11194051313199875, "transferred": 1, "sibling_nr": 0, "id": 25, "children": [{"label": "D", "color": [9, 10], "tstamp": 0.07620172183582247, "dist": 0.02228579207195154, "transferred": 0, "sibling_nr": 0, "id": 30, "children": [{"label": "D", "color": [9, 10], "tstamp": 0.07193695217234873, "dist": 0.004264769663473736, "transferred": 0, "sibling_nr": 0, "id": 34, "children": [{"label": "S", "color": 10, "tstamp": 0.03973767354577325, "dist": 0.032199278626575484, "transferred": 0, "sibling_nr": 0, "id": 36, "children": [{"label": "S", "color": 13, "tstamp": 0.025508482909767354, "dist": 0.014229190636005893, "transferred": 0, "sibling_nr": 0, "id": 47, "children": [{"label": "S", "color": 15, "tstamp": 0.009928737923780177, "dist": 0.015579744985987177, "transferred": 0, "sibling_nr": 0, "id": 59, "children": [{"label": "72", "color": 16, "tstamp": 0.0, "dist": 0.009928737923780177, "transferred": 0, "sibling_nr": 0, "id": 72}, {"label": "73", "color": 17, "tstamp": 0.0, "dist": 0.009928737923780177, "transferred": 0, "sibling_nr": 1, "id": 73}]}, {"label": "S", "color": 14, "tstamp": 0.005211877174517779, "dist": 0.020296605735249575, "transferred": 0, "sibling_nr": 1, "id": 58, "children": [{"label": "84", "color": 18, "tstamp": 0.0, "dist": 0.005211877174517779, "transferred": 0, "sibling_nr": 0, "id": 84}, {"label": "85", "color": 19, "tstamp": 0.0, "dist": 0.005211877174517779, "transferred": 0, "sibling_nr": 1, "id": 85}]}]}, {"label": "46", "color": 12, "tstamp": 0.0, "dist": 0.03973767354577325, "transferred": 0, "sibling_nr": 1, "id": 46}]}, {"label": "S", "color": 10, "tstamp": 0.03973767354577325, "dist": 0.032199278626575484, "transferred": 0, "sibling_nr": 1, "id": 37, "children": [{"label": "S", "color": 13, "tstamp": 0.025508482909767354, "dist": 0.014229190636005893, "transferred": 0, "sibling_nr": 0, "id": 49, "children": [{"label": "S", "color": 15, "tstamp": 0.009928737923780177, "dist": 0.015579744985987177, "transferred": 0, "sibling_nr": 0, "id": 61, "children": [{"label": "74", "color": 16, "tstamp": 0.0, "dist": 0.009928737923780177, "transferred": 0, "sibling_nr": 0, "id": 74}, {"label": "75", "color": 17, "tstamp": 0.0, "dist": 0.009928737923780177, "transferred": 0, "sibling_nr": 1, "id": 75}]}, {"label": "S", "color": 14, "tstamp": 0.005211877174517779, "dist": 0.020296605735249575, "transferred": 0, "sibling_nr": 1, "id": 60, "children": [{"label": "86", "color": 18, "tstamp": 0.0, "dist": 0.005211877174517779, "transferred": 0, "sibling_nr": 0, "id": 86}, {"label": "87", "color": 19, "tstamp": 0.0, "dist": 0.005211877174517779, "transferred": 0, "sibling_nr": 1, "id": 87}]}]}, {"label": "D", "color": [10, 12], "tstamp": 0.02301964916989458, "dist": 0.016718024375878666, "transferred": 0, "sibling_nr": 1, "id": 48, "children": [{"label": "62", "color": 12, "tstamp": 0.0, "dist": 0.02301964916989458, "transferred": 0, "sibling_nr": 0, "id": 62}, {"label": "63", "color": 12, "tstamp": 0.0, "dist": 0.02301964916989458, "transferred": 0, "sibling_nr": 1, "id": 63}]}]}]}, {"label": "S", "color": 10, "tstamp": 0.03973767354577325, "dist": 0.03646404829004922, "transferred": 0, "sibling_nr": 1, "id": 35, "children": [{"label": "S", "color": 13, "tstamp": 0.025508482909767354, "dist": 0.014229190636005893, "transferred": 0, "sibling_nr": 0, "id": 45, "children": [{"label": "S", "color": 15, "tstamp": 0.009928737923780177, "dist": 0.015579744985987177, "transferred": 0, "sibling_nr": 0, "id": 57, "children": [{"label": "70", "color": 16, "tstamp": 0.0, "dist": 0.009928737923780177, "transferred": 0, "sibling_nr": 0, "id": 70}, {"label": "71", "color": 17, "tstamp": 0.0, "dist": 0.009928737923780177, "transferred": 0, "sibling_nr": 1, "id": 71}]}, {"label": "S", "color": 14, "tstamp": 0.005211877174517779, "dist": 0.020296605735249575, "transferred": 0, "sibling_nr": 1, "id": 56, "children": [{"label": "82", "color": 18, "tstamp": 0.0, "dist": 0.005211877174517779, "transferred": 0, "sibling_nr": 0, "id": 82}, {"label": "83", "color": 19, "tstamp": 0.0, "dist": 0.005211877174517779, "transferred": 0, "sibling_nr": 1, "id": 83}]}]}, {"label": "44", "color": 12, "tstamp": 0.0, "dist": 0.03973767354577325, "transferred": 0, "sibling_nr": 1, "id": 44}]}]}, {"label": "S", "color": 10, "tstamp": 0.03973767354577325, "dist": 0.05874984036200076, "transferred": 0, "sibling_nr": 1, "id": 31, "children": [{"label": "S", "color": 13, "tstamp": 0.025508482909767354, "dist": 0.014229190636005893, "transferred": 0, "sibling_nr": 0, "id": 43, "children": [{"label": "S", "color": 15, "tstamp": 0.009928737923780177, "dist": 0.015579744985987177, "transferred": 0, "sibling_nr": 0, "id": 55, "children": [{"label": "68", "color": 16, "tstamp": 0.0, "dist": 0.009928737923780177, "transferred": 0, "sibling_nr": 0, "id": 68}, {"label": "69", "color": 17, "tstamp": 0.0, "dist": 0.009928737923780177, "transferred": 0, "sibling_nr": 1, "id": 69}]}, {"label": "S", "color": 14, "tstamp": 0.005211877174517779, "dist": 0.020296605735249575, "transferred": 0, "sibling_nr": 1, "id": 54, "children": [{"label": "80", "color": 18, "tstamp": 0.0, "dist": 0.005211877174517779, "transferred": 0, "sibling_nr": 0, "id": 80}, {"label": "81", "color": 19, "tstamp": 0.0, "dist": 0.005211877174517779, "transferred": 0, "sibling_nr": 1, "id": 81}]}]}, {"label": "42", "color": 12, "tstamp": 0.0, "dist": 0.03973767354577325, "transferred": 0, "sibling_nr": 1, "id": 42}]}]}, {"label": "24", "color": 5, "tstamp": 0.0, "dist": 0.21042802703977276, "transferred": 0, "sibling_nr": 1, "id": 24}]}, {"label": "16", "color": 5, "tstamp": 0.0, "dist": 0.4079604656188698, "transferred": 0, "sibling_nr": 1, "id": 16}]}, {"label": "S", "color": 9, "tstamp": 0.36301354378707634, "dist": 0.05467554413752157, "transferred": 0, "sibling_nr": 1, "id": 14, "children": [{"label": "*", "color": [9, 11], "tstamp": 0.2585047466236829, "dist": 0.10450879716339345, "transferred": 0, "sibling_nr": 0, "id": 23}, {"label": "S", "color": 10, "tstamp": 0.03973767354577325, "dist": 0.3232758702413031, "transferred": 0, "sibling_nr": 1, "id": 22, "children": [{"label": "S", "color": 13, "tstamp": 0.025508482909767354, "dist": 0.014229190636005893, "transferred": 0, "sibling_nr": 0, "id": 41, "children": [{"label": "S", "color": 15, "tstamp": 0.009928737923780177, "dist": 0.015579744985987177, "transferred": 0, "sibling_nr": 0, "id": 53, "children": [{"label": "66", "color": 16, "tstamp": 0.0, "dist": 0.009928737923780177, "transferred": 0, "sibling_nr": 0, "id": 66}, {"label": "67", "color": 17, "tstamp": 0.0, "dist": 0.009928737923780177, "transferred": 0, "sibling_nr": 1, "id": 67}]}, {"label": "S", "color": 14, "tstamp": 0.005211877174517779, "dist": 0.020296605735249575, "transferred": 0, "sibling_nr": 1, "id": 52,