{"label": "", "color": 0, "tstamp": 1.0, "dist": 0.0, "transferred": 0, "id": 0, "children": [{"label": "S", "color": 1, "tstamp": 0.9947130181886543, "dist": 0.005286981811345681, "transferred": 0, "sibling_nr": 0, "id": 1, "children": [{"label": "D", "color": [1, 3], "tstamp": 0.9802486948546183, "dist": 0.014464323334036022, "transferred": 0, "sibling_nr": 0, "id": 3, "children": [{"label": "H", "color": [1, 3], "tstamp": 0.9662625871731634, "dist": 0.013986107681454918, "transferred": 0, "sibling_nr": 0, "id": 5, "children": [{"label": "D", "color": [1, 2], "tstamp": 0.8792401384884069, "dist": 0.0870224486847565, "transferred": 1, "sibling_nr": 0, "id": 7, "children": [{"label": "S", "color": 2, "tstamp": 0.8074588668971466, "dist": 0.07178127159126024, "transferred": 0, "sibling_nr": 0, "id": 8, "children": [{"label": "H", "color": [2, 4], "tstamp": 0.7325783554631375, "dist": 0.07488051143400909, "transferred": 0, "sibling_nr": 0, "id": 12, "children": [{"label": "*", "color": [1, 3], "tstamp": 0.6596739689095635, "dist": 0.07290438655357401, "transferred": 1, "sibling_nr": 0, "id": 17}, {"label": "16", "color": 4, "tstamp": 0.0, "dist": 0.7325783554631375, "transferred": 0, "sibling_nr": 1, "id": 16}]}, {"label": "H", "color": [2, 5], "tstamp": 0.5738965260407647, "dist": 0.23356234085638194, "transferred": 0, "sibling_nr": 1, "id": 13, "children": [{"label": "D", "color": [2, 5], "tstamp": 0.4271920519996333, "dist": 0.1467044740411314, "transferred": 0, "sibling_nr": 0, "id": 18, "children": [{"label": "S", "color": 5, "tstamp": 0.11293089636336276, "dist": 0.31426115563627055, "transferred": 0, "sibling_nr": 0, "id": 22, "children": [{"label": "S", "color": 6, "tstamp": 0.08797045643065807, "dist": 0.024960439932704692, "transferred": 0, "sibling_nr": 0, "id": 28, "children": [{"label": "S", "color": 9, "tstamp": 0.07627583316874456, "dist": 0.011694623261913506, "transferred": 0, "sibling_nr": 0, "id": 39, "children": [{"label": "S", "color": 10, "tstamp": 0.06934532479292557, "dist": 0.006930508375818989, "transferred": 0, "sibling_nr": 0, "id": 50, "children": [{"label": "S", "color": 13, "tstamp": 0.05626170135533424, "dist": 0.013083623437591334, "transferred": 0, "sibling_nr": 0, "id": 63, "children": [{"label": "S", "color": 17, "tstamp": 0.02399536778250774, "dist": 0.0322663335728265, "transferred": 0, "sibling_nr": 0, "id": 75, "children": [{"label": "98", "color": 18, "tstamp": 0.0, "dist": 0.02399536778250774, "transferred": 0, "sibling_nr": 0, "id": 98}, {"label": "99", "color": 19, "tstamp": 0.0, "dist": 0.02399536778250774, "transferred": 0, "sibling_nr": 1, "id": 99}]}, {"label": "74", "color": 16, "tstamp": 0.0, "dist": 0.05626170135533424, "transferred": 0, "sibling_nr": 1, "id": 74}]}, {"label": "62", "color": 12, "tstamp": 0.0, "dist": 0.06934532479292557, "transferred": 0, "sibling_nr": 1, "id": 62}]}, {"label": "S", "color": 11, "tstamp": 0.027135322766643592, "dist": 0.04914051040210097, "transferred": 0, "sibling_nr": 1, "id": 51, "children": [{"label": "86", "color": 14, "tstamp": 0.0, "dist": 0.027135322766643592, "transferred": 0, "sibling_nr": 0, "id": 86}, {"label": "87", "color": 15, "tstamp": 0.0, "dist": 0.027135322766643592, "transferred": 0, "sibling_nr": 1, "id": 87}]}]}, {"label": "38", "color": 8, "tstamp": 0.0, "dist": 0.08797045643065807, "transferred": 0, "sibling_nr": 1, "id": 38}]}, {"label": "29", "color": 7, "tstamp": 0.0, "dist": 0.11293089636336276, "transferred": 0, "sibling_nr": 1, "id": 29}]}, {"label": "S", "color": 5, "tstamp": 0.11293089636336276, "dist": 0.31426115563627055, "transferred": 0, "sibling_nr": 1, "id": 23, "children": [{"label": "S", "color": 6, "tstamp": 0.08797045643065807, "dist": 0.024960439932704692, "transferred": 0, "sibling_nr": 0, "id": 30, "children": [{"label": "D", "color": [6, 9], "tstamp": 0.07936110989086834, "dist": 0.00860934653978973, "transferred": 0, "sibling_nr": 0, "id": 41, "children": [{"label": "S", "color": 9, "tstamp": 0.07627583316874456, "dist": 0.0030852767221237754, "transferred": 0, "sibling_nr": 0, "id": 46, "children": [{"label": "S", "color": 10, "tstamp": 0.06934532479292557, "dist": 0.006930508375818989, "transferred": 0, "sibling_nr": 0, "id": 56, "children": [{"label": "S", "color": 13, "tstamp": 0.05626170135533424, "dist": 0.013083623437591334, "transferred": 0, "sibling_nr": 0, "id": 69, "children": [{"label": "S", "color": 17, "tstamp": 0.02399536778250774, "dist": 0.0322663335728265, "transferred": 0, "sibling_nr": 0, "id": 81, "children": [{"label": "104", "color": 18, "tstamp": 0.0, "dist": 0.02399536778250774, "transferred": 0, "sibling_nr": 0, "id": 104}, {"label": "105", "color": 19, "tstamp": 0.0, "dist": 0.02399536778250774, "transferred": 0, "sibling_nr": 1, "id": 105}]}, {"label": "80", "color": 16, "tstamp": 0.0, "dist": 0.05626170135533424, "transferred": 0, "sibling_nr": 1, "id": 80}]}, {"label": "68", "color": 12, "tstamp": 0.0, "dist": 0.06934532479292557, "transferred": 0, "sibling_nr": 1, "id": 68}]}, {"label": "S", "color": 11, "tstamp": 0.027135322766643592, "dist": 0.04914051040210097, "transferred": 0, "sibling_nr": 1, "id": 57, "children": [{"label": "92", "color": 14, "tstamp": 0.0, "dist": 0.027135322766643592, "transferred": 0, "sibling_nr": 0, "id": 92}, {"label": "93", "color": 15, "tstamp": 0.0, "dist": 0.027135322766643592, "transferred": 0, "sibling_nr": 1, "id": 93}]}]}, {"label": "S", "color": 9, "tstamp": 0.07627583316874456, "dist": 0.0030852767221237754, "transferred": 0, "sibling_nr": 1, "id": 47, "children": [{"label": "S", "color": 10, "tstamp": 0.06934532479292557, "dist": 0.006930508375818989, "transferred": 0, "sibling_nr": 0, "id": 58, "children": [{"label": "S", "color": 13, "tstamp": 0.05626170135533424, "dist": 0.013083623437591334, "transferred": 0, "sibling_nr": 0, "id": 71, "children": [{"label": "S", "color": 17, "tstamp": 0.02399536778250774, "dist": 0.0322663335728265, "transferred": 0, "sibling_nr": 0, "id": 83, "children": [{"label": "106", "color": 18, "tstamp": 0.0, "dist": 0.02399536778250774, "transferred": 0, "sibling_nr": 0, "id": 106}, {"label": "107", "color": 19, "tstamp": 0.0, "dist": 0.02399536778250774, "transferred": 0, "sibling_nr": 1, "id": 107}]}, {"label": "82", "color": 16, "tstamp": 0.0, "dist": 0.05626170135533424, "transferred": 0, "sibling_nr": 1, "id": 82}]}, {"label": "70", "color": 12, "tstamp": 0.0, "dist": 0.06934532479292557, "transferred": 0, "sibling_nr": 1, "id": 70}]}, {"label": "S", "color": 11, "tstamp": 0.027135322766643592, "dist": 0.04914051040210097, "transferred": 0, "sibling_nr": 1, "id": 59, "children": [{"label": "94", "color": 14, "tstamp": 0.0, "dist": 0.027135322766643592, "transferred": 0, "sibling_nr": 0, "id": 94}, {"label": "95", "color": 15, "tstamp": 0.0, "dist": 0.027135322766643592, "transferred": 0, "sibling_nr": 1, "id": 95}]}]}]}, {"label": "40", "color": 8, "tstamp": 0.0, "dist": 0.08797045643065807, "transferred": 0, "sibling_nr": 1, "id": 40}]}, {"label": "31", "color": 7, "tstamp": 0.0, "dist": 0.11293089636336276, "transferred": 0, "sibling_nr": 1, "id": 31}]}]}, {"label": "19", "color": 4, "tstamp": 0.0, "dist": 0.5738965260407647, "transferred": 1, "sibling_nr": 1, "id": 19}]}]}, {"label": "S", "color": 2, "tstamp": 0.8074588668971466, "dist": 0.07178127159126024, "transferred": 0, "sibling_nr": 1, "id": 9, "children": [{"label": "H", "color": [2, 5], "tstamp": 0.4502495029003626, "dist": 0.35720936399678405, "transferred": 0, "sibling_nr": 0, "id": 15, "children": [{"label": "*", "color": [2, 4], "tstamp": 0.34330771269788984, "dist": 0.10694179020247274, "transferred": 1, "sibling_nr": 0, "id": 21}, {"label": "S", "color": 5, "tstamp": 0.11293089636336276, "dist": 0.33731860653699985, "transferred": 0, "sibling_nr": 1, "id": 20, "children": [{"label": "S", "color": 6, "tstamp": 0.08797045643065807, "dist": 0.024960439932704692, "transferred": 0, "sibling_nr": 0, "id": 26, "children": [{"label": "S", "color": 9,