{"label": "", "color": 0, "tstamp": 1.0, "dist": 0.0, "transferred": 0, "id": 0, "children": [{"label": "S", "color": 1, "tstamp": 0.9384640327231407, "dist": 0.06153596727685928, "transferred": 0, "sibling_nr": 0, "id": 1, "children": [{"label": "H", "color": [1, 2], "tstamp": 0.9232005120189762, "dist": 0.01526352070416448, "transferred": 0, "sibling_nr": 0, "id": 2, "children": [{"label": "H", "color": [1, 3], "tstamp": 0.6158303583012219, "dist": 0.30737015371775434, "transferred": 1, "sibling_nr": 0, "id": 5, "children": [{"label": "H", "color": [1, 3], "tstamp": 0.5308212584536879, "dist": 0.08500909984753402, "transferred": 0, "sibling_nr": 0, "id": 6, "children": [{"label": "*", "color": [1, 2], "tstamp": 0.46443338828779146, "dist": 0.06638787016589642, "transferred": 1, "sibling_nr": 0, "id": 11}, {"label": "H", "color": [1, 3], "tstamp": 0.43381551187631123, "dist": 0.09700574657737665, "transferred": 0, "sibling_nr": 1, "id": 10, "children": [{"label": "S", "color": 2, "tstamp": 0.3616582196140412, "dist": 0.07215729226227002, "transferred": 1, "sibling_nr": 0, "id": 13, "children": [{"label": "H", "color": [2, 4], "tstamp": 0.29719789732889934, "dist": 0.06446032228514187, "transferred": 0, "sibling_nr": 0, "id": 20, "children": [{"label": "S", "color": 5, "tstamp": 0.285249623374049, "dist": 0.01194827395485032, "transferred": 1, "sibling_nr": 0, "id": 23, "children": [{"label": "S", "color": 6, "tstamp": 0.22887650403416546, "dist": 0.056373119339883565, "transferred": 0, "sibling_nr": 0, "id": 32, "children": [{"label": "S", "color": 9, "tstamp": 0.1762755117233263, "dist": 0.052600992310839145, "transferred": 0, "sibling_nr": 0, "id": 43, "children": [{"label": "S", "color": 11, "tstamp": 0.020607928040329012, "dist": 0.1556675836829973, "transferred": 0, "sibling_nr": 0, "id": 55, "children": [{"label": "68", "color": 14, "tstamp": 0.0, "dist": 0.020607928040329012, "transferred": 0, "sibling_nr": 0, "id": 68}, {"label": "69", "color": 15, "tstamp": 0.0, "dist": 0.020607928040329012, "transferred": 0, "sibling_nr": 1, "id": 69}]}, {"label": "S", "color": 10, "tstamp": 0.005351108271293752, "dist": 0.17092440345203255, "transferred": 0, "sibling_nr": 1, "id": 54, "children": [{"label": "S", "color": 13, "tstamp": 0.003949658268518956, "dist": 0.0014014500027747954, "transferred": 0, "sibling_nr": 0, "id": 85, "children": [{"label": "S", "color": 17, "tstamp": 2.9309037279987077e-05, "dist": 0.003920349231238969, "transferred": 0, "sibling_nr": 0, "id": 95, "children": [{"label": "104", "color": 18, "tstamp": 0.0, "dist": 2.9309037279987077e-05, "transferred": 0, "sibling_nr": 0, "id": 104}, {"label": "105", "color": 19, "tstamp": 0.0, "dist": 2.9309037279987077e-05, "transferred": 0, "sibling_nr": 1, "id": 105}]}, {"label": "94", "color": 16, "tstamp": 0.0, "dist": 0.003949658268518956, "transferred": 0, "sibling_nr": 1, "id": 94}]}, {"label": "84", "color": 12, "tstamp": 0.0, "dist": 0.005351108271293752, "transferred": 0, "sibling_nr": 1, "id": 84}]}]}, {"label": "42", "color": 8, "tstamp": 0.0, "dist": 0.22887650403416546, "transferred": 0, "sibling_nr": 1, "id": 42}]}, {"label": "D", "color": [5, 7], "tstamp": 0.15929170429522574, "dist": 0.12595791907882328, "transferred": 0, "sibling_nr": 1, "id": 33, "children": [{"label": "56", "color": 7, "tstamp": 0.0, "dist": 0.15929170429522574, "transferred": 0, "sibling_nr": 0, "id": 56}, {"label": "57", "color": 7, "tstamp": 0.0, "dist": 0.15929170429522574, "transferred": 0, "sibling_nr": 1, "id": 57}]}]}, {"label": "22", "color": 4, "tstamp": 0.0, "dist": 0.29719789732889934, "transferred": 0, "sibling_nr": 1, "id": 22}]}, {"label": "S", "color": 5, "tstamp": 0.285249623374049, "dist": 0.07640859623999219, "transferred": 0, "sibling_nr": 1, "id": 21, "children": [{"label": "S", "color": 6, "tstamp": 0.22887650403416546, "dist": 0.056373119339883565, "transferred": 0, "sibling_nr": 0, "id": 30, "children": [{"label": "S", "color": 9, "tstamp": 0.1762755117233263, "dist": 0.052600992310839145, "transferred": 0, "sibling_nr": 0, "id": 41, "children": [{"label": "S", "color": 11, "tstamp": 0.020607928040329012, "dist": 0.1556675836829973, "transferred": 0, "sibling_nr": 0, "id": 53, "children": [{"label": "66", "color": 14, "tstamp": 0.0, "dist": 0.020607928040329012, "transferred": 0, "sibling_nr": 0, "id": 66}, {"label": "67", "color": 15, "tstamp": 0.0, "dist": 0.020607928040329012, "transferred": 0, "sibling_nr": 1, "id": 67}]}, {"label": "S", "color": 10, "tstamp": 0.005351108271293752, "dist": 0.17092440345203255, "transferred": 0, "sibling_nr": 1, "id": 52, "children": [{"label": "S", "color": 13, "tstamp": 0.003949658268518956, "dist": 0.0014014500027747954, "transferred": 0, "sibling_nr": 0, "id": 83, "children": [{"label": "S", "color": 17, "tstamp": 2.9309037279987077e-05, "dist": 0.003920349231238969, "transferred": 0, "sibling_nr": 0, "id": 93, "children": [{"label": "102", "color": 18, "tstamp": 0.0, "dist": 2.9309037279987077e-05, "transferred": 0, "sibling_nr": 0, "id": 102}, {"label": "103", "color": 19, "tstamp": 0.0, "dist": 2.9309037279987077e-05, "transferred": 0, "sibling_nr": 1, "id": 103}]}, {"label": "92", "color": 16, "tstamp": 0.0, "dist": 0.003949658268518956, "transferred": 0, "sibling_nr": 1, "id": 92}]}, {"label": "82", "color": 12, "tstamp": 0.0, "dist": 0.005351108271293752, "transferred": 0, "sibling_nr": 1, "id": 82}]}]}, {"label": "40", "color": 8, "tstamp": 0.0, "dist": 0.22887650403416546, "transferred": 0, "sibling_nr": 1, "id": 40}]}, {"label": "31", "color": 7, "tstamp": 0.0, "dist": 0.285249623374049, "transferred": 0, "sibling_nr": 1, "id": 31}]}]}, {"label": "*", "color": [1, 3], "tstamp": 0.11815571127414146, "dist": 0.3156598006021698, "transferred": 0, "sibling_nr": 1, "id": 12}]}]}, {"label": "S", "color": 2, "tstamp": 0.3616582196140412, "dist": 0.2541721386871807, "transferred": 1, "sibling_nr": 1, "id": 7, "children": [{"label": "S", "color": 5, "tstamp": 0.285249623374049, "dist": 0.07640859623999219, "transferred": 0, "sibling_nr": 0, "id": 15, "children": [{"label": "S", "color": 6, "tstamp": 0.22887650403416546, "dist": 0.056373119339883565, "transferred": 0, "sibling_nr": 0, "id": 24, "children": [{"label": "S", "color": 9, "tstamp": 0.1762755117233263, "dist": 0.052600992310839145, "transferred": 0, "sibling_nr": 0, "id": 35, "children": [{"label": "H", "color": [9, 11], "tstamp": 0.10763238010196323, "dist": 0.06864313162136308, "transferred": 0, "sibling_nr": 0, "id": 47, "children": [{"label": "D", "color": [9, 11], "tstamp": 0.08742568825073321, "dist": 0.020206691851230016, "transferred": 0, "sibling_nr": 0, "id": 58, "children": [{"label": "S", "color": 11, "tstamp": 0.020607928040329012, "dist": 0.0668177602104042, "transferred": 0, "sibling_nr": 0, "id": 60, "children": [{"label": "70", "color": 14, "tstamp": 0.0, "dist": 0.020607928040329012, "transferred": 0, "sibling_nr": 0, "id": 70}, {"label": "71", "color": 15, "tstamp": 0.0, "dist": 0.020607928040329012, "transferred": 0, "sibling_nr": 1, "id": 71}]}, {"label": "S", "color": 11, "tstamp": 0.020607928040329012, "dist": 0.0668177602104042, "transferred": 0, "sibling_nr": 1, "id": 61, "children": [{"label": "H", "color": [11, 15], "tstamp": 0.014444148937019983, "dist": 0.006163779103309029, "transferred": 0, "sibling_nr": 0, "id": 73, "children": [{"label": "74", "color": 15, "tstamp": 0.0, "dist": 0.014444148937019983, "transferred": 0, "sibling_nr": 0, "id": 74}, {"label": "75", "color": 3, "tstamp": 0.0, "dist": 0.014444148937019983, "transferred": 1, "sibling_nr": 1, "id": 75}]}, {"label": "72", "color": 14, "tstamp": 0.0, "dist": 0.020607928040329012, "transferred": 0, "sibling_nr": 1, "id": 72}]}]}, {"label": "59", "color": 8, "tstamp": 0.0, "dist": 0.10763238010196323, "transferred": 1, "sibling_nr": 1, "id": 59}]}, {"label": "S", "color": 10, "tstamp": 0.005351108271293752, "dist": 0.17092440345203255, "transferred": 0, "sibling_nr": 1, "id": 46,