{"label": "", "color": 0, "tstamp": 1.0, "dist": 0.0, "transferred": 0, "id": 0, "children": [{"label": "S", "color": 1, "tstamp": 0.7727016369815901, "dist": 0.2272983630184099, "transferred": 0, "sibling_nr": 0, "id": 1, "children": [{"label": "D", "color": [1, 3], "tstamp": 0.6606430934675334, "dist": 0.11205854351405675, "transferred": 0, "sibling_nr": 0, "id": 3, "children": [{"label": "S", "color": 3, "tstamp": 0.6551043152125198, "dist": 0.005538778255013588, "transferred": 0, "sibling_nr": 0, "id": 4, "children": [{"label": "D", "color": [3, 4], "tstamp": 0.617520270656722, "dist": 0.03758404455579778, "transferred": 0, "sibling_nr": 0, "id": 6, "children": [{"label": "D", "color": [3, 4], "tstamp": 0.610141110103396, "dist": 0.007379160553325992, "transferred": 0, "sibling_nr": 0, "id": 10, "children": [{"label": "D", "color": [3, 4], "tstamp": 0.46989388937989535, "dist": 0.14024722072350065, "transferred": 0, "sibling_nr": 0, "id": 13, "children": [{"label": "H", "color": [3, 4], "tstamp": 0.4105350478674495, "dist": 0.05935884151244586, "transferred": 0, "sibling_nr": 0, "id": 14, "children": [{"label": "*", "color": [1, 2], "tstamp": 0.3679843565838794, "dist": 0.042550691283570086, "transferred": 1, "sibling_nr": 0, "id": 17}, {"label": "S", "color": 4, "tstamp": 0.3073257023306685, "dist": 0.10320934553678096, "transferred": 0, "sibling_nr": 1, "id": 16, "children": [{"label": "S", "color": 7, "tstamp": 0.22704289526856294, "dist": 0.08028280706210558, "transferred": 0, "sibling_nr": 0, "id": 27, "children": [{"label": "S", "color": 8, "tstamp": 0.19976858751706436, "dist": 0.027274307751498583, "transferred": 0, "sibling_nr": 0, "id": 40, "children": [{"label": "*", "color": [8, 13], "tstamp": 0.15128514554320086, "dist": 0.048483441973863506, "transferred": 0, "sibling_nr": 0, "id": 51}, {"label": "50", "color": 12, "tstamp": 0.0, "dist": 0.19976858751706436, "transferred": 0, "sibling_nr": 1, "id": 50}]}, {"label": "S", "color": 9, "tstamp": 0.1407844078416162, "dist": 0.08625848742694675, "transferred": 0, "sibling_nr": 1, "id": 41, "children": [{"label": "S", "color": 10, "tstamp": 0.05607618710244309, "dist": 0.08470822073917311, "transferred": 0, "sibling_nr": 0, "id": 72, "children": [{"label": "S", "color": 17, "tstamp": 0.052068553799444126, "dist": 0.004007633302998963, "transferred": 0, "sibling_nr": 0, "id": 87, "children": [{"label": "100", "color": 18, "tstamp": 0.0, "dist": 0.052068553799444126, "transferred": 0, "sibling_nr": 0, "id": 100}, {"label": "101", "color": 19, "tstamp": 0.0, "dist": 0.052068553799444126, "transferred": 0, "sibling_nr": 1, "id": 101}]}, {"label": "86", "color": 16, "tstamp": 0.0, "dist": 0.05607618710244309, "transferred": 0, "sibling_nr": 1, "id": 86}]}, {"label": "73", "color": 11, "tstamp": 0.0, "dist": 0.1407844078416162, "transferred": 0, "sibling_nr": 1, "id": 73}]}]}, {"label": "26", "color": 6, "tstamp": 0.0, "dist": 0.3073257023306685, "transferred": 0, "sibling_nr": 1, "id": 26}]}]}, {"label": "S", "color": 4, "tstamp": 0.3073257023306685, "dist": 0.16256818704922682, "transferred": 0, "sibling_nr": 1, "id": 15, "children": [{"label": "S", "color": 7, "tstamp": 0.22704289526856294, "dist": 0.08028280706210558, "transferred": 0, "sibling_nr": 0, "id": 25, "children": [{"label": "S", "color": 8, "tstamp": 0.19976858751706436, "dist": 0.027274307751498583, "transferred": 0, "sibling_nr": 0, "id": 38, "children": [{"label": "D", "color": [8, 12], "tstamp": 0.18018309322693402, "dist": 0.019585494290130345, "transferred": 0, "sibling_nr": 0, "id": 48, "children": [{"label": "*", "color": [8, 12], "tstamp": 0.06714624609984779, "dist": 0.11303684712708623, "transferred": 0, "sibling_nr": 0, "id": 57}, {"label": "56", "color": 12, "tstamp": 0.0, "dist": 0.18018309322693402, "transferred": 0, "sibling_nr": 1, "id": 56}]}, {"label": "S", "color": 13, "tstamp": 0.15002538755198003, "dist": 0.049743199965084334, "transferred": 0, "sibling_nr": 1, "id": 49, "children": [{"label": "60", "color": 14, "tstamp": 0.0, "dist": 0.15002538755198003, "transferred": 0, "sibling_nr": 0, "id": 60}, {"label": "61", "color": 15, "tstamp": 0.0, "dist": 0.15002538755198003, "transferred": 0, "sibling_nr": 1, "id": 61}]}]}, {"label": "S", "color": 9, "tstamp": 0.1407844078416162, "dist": 0.08625848742694675, "transferred": 0, "sibling_nr": 1, "id": 39, "children": [{"label": "D", "color": [9, 11], "tstamp": 0.08320000489205953, "dist": 0.05758440294955666, "transferred": 0, "sibling_nr": 0, "id": 71, "children": [{"label": "78", "color": 11, "tstamp": 0.0, "dist": 0.08320000489205953, "transferred": 0, "sibling_nr": 0, "id": 78}, {"label": "79", "color": 11, "tstamp": 0.0, "dist": 0.08320000489205953, "transferred": 0, "sibling_nr": 1, "id": 79}]}, {"label": "S", "color": 10, "tstamp": 0.05607618710244309, "dist": 0.08470822073917311, "transferred": 0, "sibling_nr": 1, "id": 70, "children": [{"label": "S", "color": 17, "tstamp": 0.052068553799444126, "dist": 0.004007633302998963, "transferred": 0, "sibling_nr": 0, "id": 85, "children": [{"label": "98", "color": 18, "tstamp": 0.0, "dist": 0.052068553799444126, "transferred": 0, "sibling_nr": 0, "id": 98}, {"label": "99", "color": 19, "tstamp": 0.0, "dist": 0.052068553799444126, "transferred": 0, "sibling_nr": 1, "id": 99}]}, {"label": "84", "color": 16, "tstamp": 0.0, "dist": 0.05607618710244309, "transferred": 0, "sibling_nr": 1, "id": 84}]}]}]}, {"label": "24", "color": 6, "tstamp": 0.0, "dist": 0.3073257023306685, "transferred": 0, "sibling_nr": 1, "id": 24}]}]}, {"label": "S", "color": 4, "tstamp": 0.3073257023306685, "dist": 0.3028154077727275, "transferred": 0, "sibling_nr": 1, "id": 12, "children": [{"label": "S", "color": 7, "tstamp": 0.22704289526856294, "dist": 0.08028280706210558, "transferred": 0, "sibling_nr": 0, "id": 23, "children": [{"label": "*", "color": [7, 8], "tstamp": 0.21345914323873608, "dist": 0.013583752029826868, "transferred": 0, "sibling_nr": 0, "id": 36}, {"label": "S", "color": 9, "tstamp": 0.1407844078416162, "dist": 0.08625848742694675, "transferred": 0, "sibling_nr": 1, "id": 37, "children": [{"label": "S", "color": 10, "tstamp": 0.05607618710244309, "dist": 0.08470822073917311, "transferred": 0, "sibling_nr": 0, "id": 68, "children": [{"label": "S", "color": 17, "tstamp": 0.052068553799444126, "dist": 0.004007633302998963, "transferred": 0, "sibling_nr": 0, "id": 83, "children": [{"label": "96", "color": 18, "tstamp": 0.0, "dist": 0.052068553799444126, "transferred": 0, "sibling_nr": 0, "id": 96}, {"label": "97", "color": 19, "tstamp": 0.0, "dist": 0.052068553799444126, "transferred": 0, "sibling_nr": 1, "id": 97}]}, {"label": "82", "color": 16, "tstamp": 0.0, "dist": 0.05607618710244309, "transferred": 0, "sibling_nr": 1, "id": 82}]}, {"label": "69", "color": 11, "tstamp": 0.0, "dist": 0.1407844078416162, "transferred": 0, "sibling_nr": 1, "id": 69}]}]}, {"label": "D", "color": [4, 6], "tstamp": 0.04158360779775948, "dist": 0.26574209453290903, "transferred": 0, "sibling_nr": 1, "id": 22, "children": [{"label": "106", "color": 6, "tstamp": 0.0, "dist": 0.04158360779775948, "transferred": 0, "sibling_nr": 0, "id": 106}, {"label": "107", "color": 6, "tstamp": 0.0, "dist": 0.04158360779775948, "transferred": 0, "sibling_nr": 1, "id": 107}]}]}]}, {"label": "S", "color": 4, "tstamp": 0.3073257023306685, "dist": 0.31019456832605347, "transferred": 0, "sibling_nr": 1, "id": 11, "children": [{"label": "H", "color": [4, 7], "tstamp": 0.2954934910883409, "dist": 0.01183221124232764, "transferred": 0, "sibling_nr": 0, "id": 21, "children": [{"label": "S", "color": 7, "tstamp": 0.22704289526856294, "dist": 0.06845059581977794, "transferred": 0, "sibling_nr": 0, "id": 28, "children": [{"label": "S", "color": 8, "tstamp": 0.19976858751706436, "dist": 0.027274307751498583, "transferred": 0, "sibling_nr": 0, "id": 42, "children": [{"label": "S", "color": 13, "tstamp": 0.15002538755198003, "dist": 0.049743199965084334, "transferred": 0,