{"label": "", "color": 0, "tstamp": 1.0, "dist": 0.0, "transferred": 0, "id": 0, "children": [{"label": "D", "color": [0, 1], "tstamp": 0.9431559592939625, "dist": 0.056844040706037546, "transferred": 0, "sibling_nr": 0, "id": 1, "children": [{"label": "*", "color": [0, 1], "tstamp": 0.8806018136414018, "dist": 0.06255414565256068, "transferred": 0, "sibling_nr": 0, "id": 3}, {"label": "S", "color": 1, "tstamp": 0.7987366212779768, "dist": 0.1444193380159856, "transferred": 0, "sibling_nr": 1, "id": 2, "children": [{"label": "D", "color": [1, 2], "tstamp": 0.712581682574356, "dist": 0.0861549387036209, "transferred": 0, "sibling_nr": 0, "id": 4, "children": [{"label": "S", "color": 2, "tstamp": 0.6736318287912122, "dist": 0.03894985378314375, "transferred": 0, "sibling_nr": 0, "id": 6, "children": [{"label": "D", "color": [2, 5], "tstamp": 0.5465661036411625, "dist": 0.12706572515004966, "transferred": 0, "sibling_nr": 0, "id": 9, "children": [{"label": "S", "color": 5, "tstamp": 0.5270279683008651, "dist": 0.01953813534029747, "transferred": 0, "sibling_nr": 0, "id": 14, "children": [{"label": "H", "color": [5, 6], "tstamp": 0.3442537147738576, "dist": 0.1827742535270075, "transferred": 0, "sibling_nr": 0, "id": 20, "children": [{"label": "S", "color": 6, "tstamp": 0.23612197309135224, "dist": 0.10813174168250533, "transferred": 0, "sibling_nr": 0, "id": 28, "children": [{"label": "D", "color": [6, 17], "tstamp": 0.20585827089154993, "dist": 0.030263702199802317, "transferred": 0, "sibling_nr": 0, "id": 45, "children": [{"label": "H", "color": [6, 17], "tstamp": 0.16923884948348072, "dist": 0.0366194214080692, "transferred": 0, "sibling_nr": 0, "id": 48, "children": [{"label": "S", "color": 9, "tstamp": 0.12062190898552856, "dist": 0.04861694049795216, "transferred": 1, "sibling_nr": 0, "id": 53, "children": [{"label": "*", "color": [9, 10], "tstamp": 0.06935666812404254, "dist": 0.051265240861486025, "transferred": 0, "sibling_nr": 0, "id": 66}, {"label": "S", "color": 11, "tstamp": 0.05304888512566673, "dist": 0.06757302385986183, "transferred": 0, "sibling_nr": 1, "id": 67, "children": [{"label": "S", "color": 13, "tstamp": 0.00935897998235666, "dist": 0.04368990514331007, "transferred": 0, "sibling_nr": 0, "id": 91, "children": [{"label": "104", "color": 14, "tstamp": 0.0, "dist": 0.00935897998235666, "transferred": 0, "sibling_nr": 0, "id": 104}, {"label": "105", "color": 15, "tstamp": 0.0, "dist": 0.00935897998235666, "transferred": 0, "sibling_nr": 1, "id": 105}]}, {"label": "90", "color": 12, "tstamp": 0.0, "dist": 0.05304888512566673, "transferred": 0, "sibling_nr": 1, "id": 90}]}]}, {"label": "S", "color": 17, "tstamp": 0.05925422214347592, "dist": 0.1099846273400048, "transferred": 0, "sibling_nr": 1, "id": 52, "children": [{"label": "82", "color": 18, "tstamp": 0.0, "dist": 0.05925422214347592, "transferred": 0, "sibling_nr": 0, "id": 82}, {"label": "83", "color": 19, "tstamp": 0.0, "dist": 0.05925422214347592, "transferred": 0, "sibling_nr": 1, "id": 83}]}]}, {"label": "S", "color": 17, "tstamp": 0.05925422214347592, "dist": 0.146604048748074, "transferred": 0, "sibling_nr": 1, "id": 49, "children": [{"label": "80", "color": 18, "tstamp": 0.0, "dist": 0.05925422214347592, "transferred": 0, "sibling_nr": 0, "id": 80}, {"label": "81", "color": 19, "tstamp": 0.0, "dist": 0.05925422214347592, "transferred": 0, "sibling_nr": 1, "id": 81}]}]}, {"label": "44", "color": 16, "tstamp": 0.0, "dist": 0.23612197309135224, "transferred": 0, "sibling_nr": 1, "id": 44}]}, {"label": "29", "color": 4, "tstamp": 0.0, "dist": 0.3442537147738576, "transferred": 1, "sibling_nr": 1, "id": 29}]}, {"label": "S", "color": 7, "tstamp": 0.2511342714284768, "dist": 0.2758936968723883, "transferred": 0, "sibling_nr": 1, "id": 21, "children": [{"label": "S", "color": 9, "tstamp": 0.12062190898552856, "dist": 0.13051236244294823, "transferred": 0, "sibling_nr": 0, "id": 33, "children": [{"label": "S", "color": 11, "tstamp": 0.05304888512566673, "dist": 0.06757302385986183, "transferred": 0, "sibling_nr": 0, "id": 61, "children": [{"label": "S", "color": 13, "tstamp": 0.00935897998235666, "dist": 0.04368990514331007, "transferred": 0, "sibling_nr": 0, "id": 85, "children": [{"label": "98", "color": 14, "tstamp": 0.0, "dist": 0.00935897998235666, "transferred": 0, "sibling_nr": 0, "id": 98}, {"label": "99", "color": 15, "tstamp": 0.0, "dist": 0.00935897998235666, "transferred": 0, "sibling_nr": 1, "id": 99}]}, {"label": "84", "color": 12, "tstamp": 0.0, "dist": 0.05304888512566673, "transferred": 0, "sibling_nr": 1, "id": 84}]}, {"label": "60", "color": 10, "tstamp": 0.0, "dist": 0.12062190898552856, "transferred": 0, "sibling_nr": 1, "id": 60}]}, {"label": "32", "color": 8, "tstamp": 0.0, "dist": 0.2511342714284768, "transferred": 0, "sibling_nr": 1, "id": 32}]}]}, {"label": "S", "color": 5, "tstamp": 0.5270279683008651, "dist": 0.01953813534029747, "transferred": 0, "sibling_nr": 1, "id": 15, "children": [{"label": "S", "color": 7, "tstamp": 0.2511342714284768, "dist": 0.2758936968723883, "transferred": 0, "sibling_nr": 0, "id": 23, "children": [{"label": "*", "color": [7, 8], "tstamp": 0.1672856432748482, "dist": 0.08384862815362856, "transferred": 0, "sibling_nr": 0, "id": 34}, {"label": "*", "color": [7, 9], "tstamp": 0.12084384929262049, "dist": 0.1302904221358563, "transferred": 0, "sibling_nr": 1, "id": 35}]}, {"label": "S", "color": 6, "tstamp": 0.23612197309135224, "dist": 0.2909059952095128, "transferred": 0, "sibling_nr": 1, "id": 22, "children": [{"label": "S", "color": 17, "tstamp": 0.05925422214347592, "dist": 0.17686775094787632, "transferred": 0, "sibling_nr": 0, "id": 43, "children": [{"label": "76", "color": 18, "tstamp": 0.0, "dist": 0.05925422214347592, "transferred": 0, "sibling_nr": 0, "id": 76}, {"label": "77", "color": 19, "tstamp": 0.0, "dist": 0.05925422214347592, "transferred": 0, "sibling_nr": 1, "id": 77}]}, {"label": "42", "color": 16, "tstamp": 0.0, "dist": 0.23612197309135224, "transferred": 0, "sibling_nr": 1, "id": 42}]}]}]}, {"label": "D", "color": [2, 4], "tstamp": 0.4036436641246911, "dist": 0.2699881646665211, "transferred": 0, "sibling_nr": 1, "id": 8, "children": [{"label": "D", "color": [2, 4], "tstamp": 0.18539427279330412, "dist": 0.218249391331387, "transferred": 0, "sibling_nr": 0, "id": 27, "children": [{"label": "50", "color": 4, "tstamp": 0.0, "dist": 0.18539427279330412, "transferred": 0, "sibling_nr": 0, "id": 50}, {"label": "51", "color": 4, "tstamp": 0.0, "dist": 0.18539427279330412, "transferred": 0, "sibling_nr": 1, "id": 51}]}, {"label": "26", "color": 4, "tstamp": 0.0, "dist": 0.4036436641246911, "transferred": 0, "sibling_nr": 1, "id": 26}]}]}, {"label": "S", "color": 2, "tstamp": 0.6736318287912122, "dist": 0.03894985378314375, "transferred": 0, "sibling_nr": 1, "id": 7, "children": [{"label": "D", "color": [2, 5], "tstamp": 0.5984616889127112, "dist": 0.07517013987850096, "transferred": 0, "sibling_nr": 0, "id": 11, "children": [{"label": "H", "color": [2, 5], "tstamp": 0.5422414386862038, "dist": 0.05622025022650745, "transferred": 0, "sibling_nr": 0, "id": 12, "children": [{"label": "S", "color": 5, "tstamp": 0.5270279683008651, "dist": 0.015213470385338712, "transferred": 0, "sibling_nr": 0, "id": 16, "children": [{"label": "S", "color": 7, "tstamp": 0.2511342714284768, "dist": 0.2758936968723883, "transferred": 0, "sibling_nr": 0, "id": 25, "children": [{"label": "S", "color": 9, "tstamp": 0.12062190898552856, "dist": 0.13051236244294823, "transferred": 0, "sibling_nr": 0, "id": 37, "children": [{"label": "S", "color": 11, "tstamp": 0.05304888512566673, "dist": 0.06757302385986183, "transferred": 0, "sibling_nr": 0, "id": 63, "children": [{"label": "D", "color": [11, 12], "tstamp": 0.030185424270059796, "dist": 0.022863460855606935, "transferred": 0, "sibling_nr": 0, "id": 86, "children": [{"label": "96", "color": 12, "tstamp": 0.0, "dist": 0.030185424270059796, "transferred": 0, "sibling_nr": 0,