{"label": "", "color": 0, "tstamp": 1.0, "dist": 0.0, "transferred": 0, "id": 0, "children": [{"label": "S", "color": 1, "tstamp": 0.9679527514383381, "dist": 0.032047248561661856, "transferred": 0, "sibling_nr": 0, "id": 1, "children": [{"label": "S", "color": 2, "tstamp": 0.5279059194005457, "dist": 0.4400468320377925, "transferred": 0, "sibling_nr": 0, "id": 2, "children": [{"label": "H", "color": [2, 4], "tstamp": 0.45863467933736357, "dist": 0.06927124006318208, "transferred": 0, "sibling_nr": 0, "id": 4, "children": [{"label": "D", "color": [2, 4], "tstamp": 0.4505966164756231, "dist": 0.00803806286174047, "transferred": 0, "sibling_nr": 0, "id": 6, "children": [{"label": "D", "color": [2, 4], "tstamp": 0.44620688806625436, "dist": 0.004389728409368743, "transferred": 0, "sibling_nr": 0, "id": 8, "children": [{"label": "H", "color": [2, 4], "tstamp": 0.41052953553455135, "dist": 0.03567735253170301, "transferred": 0, "sibling_nr": 0, "id": 11, "children": [{"label": "D", "color": [2, 5], "tstamp": 0.3095286413150605, "dist": 0.10100089421949082, "transferred": 1, "sibling_nr": 0, "id": 13, "children": [{"label": "S", "color": 5, "tstamp": 0.19707421813522458, "dist": 0.11245442317983595, "transferred": 0, "sibling_nr": 0, "id": 14, "children": [{"label": "S", "color": 6, "tstamp": 0.15210245796237729, "dist": 0.04497176017284729, "transferred": 0, "sibling_nr": 0, "id": 20, "children": [{"label": "H", "color": [6, 9], "tstamp": 0.11035253102623288, "dist": 0.041749926936144405, "transferred": 0, "sibling_nr": 0, "id": 33, "children": [{"label": "S", "color": 9, "tstamp": 0.05290616119362597, "dist": 0.05744636983260691, "transferred": 0, "sibling_nr": 0, "id": 38, "children": [{"label": "S", "color": 11, "tstamp": 0.0439822891385463, "dist": 0.00892387205507967, "transferred": 0, "sibling_nr": 0, "id": 49, "children": [{"label": "58", "color": 12, "tstamp": 0.0, "dist": 0.0439822891385463, "transferred": 0, "sibling_nr": 0, "id": 58}, {"label": "59", "color": 13, "tstamp": 0.0, "dist": 0.0439822891385463, "transferred": 0, "sibling_nr": 1, "id": 59}]}, {"label": "S", "color": 10, "tstamp": 0.02077848140200015, "dist": 0.03212767979162582, "transferred": 0, "sibling_nr": 1, "id": 48, "children": [{"label": "S", "color": 14, "tstamp": 0.008857223069254457, "dist": 0.011921258332745693, "transferred": 0, "sibling_nr": 0, "id": 70, "children": [{"label": "S", "color": 17, "tstamp": 0.00487362809961702, "dist": 0.003983594969637437, "transferred": 0, "sibling_nr": 0, "id": 85, "children": [{"label": "96", "color": 18, "tstamp": 0.0, "dist": 0.00487362809961702, "transferred": 0, "sibling_nr": 0, "id": 96}, {"label": "97", "color": 19, "tstamp": 0.0, "dist": 0.00487362809961702, "transferred": 0, "sibling_nr": 1, "id": 97}]}, {"label": "84", "color": 16, "tstamp": 0.0, "dist": 0.008857223069254457, "transferred": 0, "sibling_nr": 1, "id": 84}]}, {"label": "71", "color": 15, "tstamp": 0.0, "dist": 0.02077848140200015, "transferred": 0, "sibling_nr": 1, "id": 71}]}]}, {"label": "39", "color": 4, "tstamp": 0.0, "dist": 0.11035253102623288, "transferred": 1, "sibling_nr": 1, "id": 39}]}, {"label": "H", "color": [6, 8], "tstamp": 0.08420812385803224, "dist": 0.06789433410434505, "transferred": 0, "sibling_nr": 1, "id": 32, "children": [{"label": "41", "color": 4, "tstamp": 0.0, "dist": 0.08420812385803224, "transferred": 1, "sibling_nr": 0, "id": 41}, {"label": "40", "color": 8, "tstamp": 0.0, "dist": 0.08420812385803224, "transferred": 0, "sibling_nr": 1, "id": 40}]}]}, {"label": "21", "color": 7, "tstamp": 0.0, "dist": 0.19707421813522458, "transferred": 0, "sibling_nr": 1, "id": 21}]}, {"label": "S", "color": 5, "tstamp": 0.19707421813522458, "dist": 0.11245442317983595, "transferred": 0, "sibling_nr": 1, "id": 15, "children": [{"label": "S", "color": 6, "tstamp": 0.15210245796237729, "dist": 0.04497176017284729, "transferred": 0, "sibling_nr": 0, "id": 22, "children": [{"label": "D", "color": [6, 9], "tstamp": 0.06010660582074412, "dist": 0.09199585214163317, "transferred": 0, "sibling_nr": 0, "id": 35, "children": [{"label": "S", "color": 9, "tstamp": 0.05290616119362597, "dist": 0.007200444627118149, "transferred": 0, "sibling_nr": 0, "id": 42, "children": [{"label": "S", "color": 11, "tstamp": 0.0439822891385463, "dist": 0.00892387205507967, "transferred": 0, "sibling_nr": 0, "id": 51, "children": [{"label": "*", "color": [11, 12], "tstamp": 0.027874225778639607, "dist": 0.016108063359906694, "transferred": 0, "sibling_nr": 0, "id": 60}, {"label": "61", "color": 13, "tstamp": 0.0, "dist": 0.0439822891385463, "transferred": 0, "sibling_nr": 1, "id": 61}]}, {"label": "S", "color": 10, "tstamp": 0.02077848140200015, "dist": 0.03212767979162582, "transferred": 0, "sibling_nr": 1, "id": 50, "children": [{"label": "H", "color": [10, 15], "tstamp": 0.01838174235162704, "dist": 0.0023967390503731104, "transferred": 0, "sibling_nr": 0, "id": 73, "children": [{"label": "78", "color": 15, "tstamp": 0.0, "dist": 0.01838174235162704, "transferred": 0, "sibling_nr": 0, "id": 78}, {"label": "79", "color": 13, "tstamp": 0.0, "dist": 0.01838174235162704, "transferred": 1, "sibling_nr": 1, "id": 79}]}, {"label": "S", "color": 14, "tstamp": 0.008857223069254457, "dist": 0.011921258332745693, "transferred": 0, "sibling_nr": 1, "id": 72, "children": [{"label": "S", "color": 17, "tstamp": 0.00487362809961702, "dist": 0.003983594969637437, "transferred": 0, "sibling_nr": 0, "id": 87, "children": [{"label": "98", "color": 18, "tstamp": 0.0, "dist": 0.00487362809961702, "transferred": 0, "sibling_nr": 0, "id": 98}, {"label": "99", "color": 19, "tstamp": 0.0, "dist": 0.00487362809961702, "transferred": 0, "sibling_nr": 1, "id": 99}]}, {"label": "86", "color": 16, "tstamp": 0.0, "dist": 0.008857223069254457, "transferred": 0, "sibling_nr": 1, "id": 86}]}]}]}, {"label": "S", "color": 9, "tstamp": 0.05290616119362597, "dist": 0.007200444627118149, "transferred": 0, "sibling_nr": 1, "id": 43, "children": [{"label": "S", "color": 11, "tstamp": 0.0439822891385463, "dist": 0.00892387205507967, "transferred": 0, "sibling_nr": 0, "id": 53, "children": [{"label": "62", "color": 12, "tstamp": 0.0, "dist": 0.0439822891385463, "transferred": 0, "sibling_nr": 0, "id": 62}, {"label": "63", "color": 13, "tstamp": 0.0, "dist": 0.0439822891385463, "transferred": 0, "sibling_nr": 1, "id": 63}]}, {"label": "S", "color": 10, "tstamp": 0.02077848140200015, "dist": 0.03212767979162582, "transferred": 0, "sibling_nr": 1, "id": 52, "children": [{"label": "S", "color": 14, "tstamp": 0.008857223069254457, "dist": 0.011921258332745693, "transferred": 0, "sibling_nr": 0, "id": 74, "children": [{"label": "S", "color": 17, "tstamp": 0.00487362809961702, "dist": 0.003983594969637437, "transferred": 0, "sibling_nr": 0, "id": 89, "children": [{"label": "100", "color": 18, "tstamp": 0.0, "dist": 0.00487362809961702, "transferred": 0, "sibling_nr": 0, "id": 100}, {"label": "101", "color": 19, "tstamp": 0.0, "dist": 0.00487362809961702, "transferred": 0, "sibling_nr": 1, "id": 101}]}, {"label": "88", "color": 16, "tstamp": 0.0, "dist": 0.008857223069254457, "transferred": 0, "sibling_nr": 1, "id": 88}]}, {"label": "75", "color": 15, "tstamp": 0.0, "dist": 0.02077848140200015, "transferred": 0, "sibling_nr": 1, "id": 75}]}]}]}, {"label": "34", "color": 8, "tstamp": 0.0, "dist": 0.15210245796237729, "transferred": 0, "sibling_nr": 1, "id": 34}]}, {"label": "23", "color": 7, "tstamp": 0.0, "dist": 0.19707421813522458, "transferred": 0, "sibling_nr": 1, "id": 23}]}]}, {"label": "12", "color": 4, "tstamp": 0.0, "dist": 0.41052953553455135, "transferred": 0, "sibling_nr": 1, "id": 12}]}, {"label": "10", "color": 4, "tstamp": 0.0, "dist": 0.44620688806625436, "transferred": 0, "sibling_nr": 1, "id": 10}]}, {"label": "9", "color": 4, "tstamp": 0.0, "dist": 0.4505966164756231, "transferred": 0, "sibling_nr": 1, "id": 9}]}, {"label": "S", "color": 5, "tstamp": 0.19707421813522458, "dist": 0.261560461202139,