{"label": "", "color": 0, "tstamp": 1.0, "dist": 0.0, "transferred": 0, "id": 0, "children": [{"label": "S", "color": 1, "tstamp": 0.9702359779279972, "dist": 0.029764022072002794, "transferred": 0, "sibling_nr": 0, "id": 1, "children": [{"label": "D", "color": [1, 2], "tstamp": 0.8233138124348538, "dist": 0.1469221654931434, "transferred": 0, "sibling_nr": 0, "id": 2, "children": [{"label": "S", "color": 2, "tstamp": 0.7097177823947491, "dist": 0.11359603004010466, "transferred": 0, "sibling_nr": 0, "id": 4, "children": [{"label": "S", "color": 5, "tstamp": 0.6306578424774028, "dist": 0.07905993991734639, "transferred": 0, "sibling_nr": 0, "id": 7, "children": [{"label": "H", "color": [5, 7], "tstamp": 0.620249522803722, "dist": 0.010408319673680722, "transferred": 0, "sibling_nr": 0, "id": 13, "children": [{"label": "D", "color": [5, 7], "tstamp": 0.6170248882343478, "dist": 0.003224634569374274, "transferred": 0, "sibling_nr": 0, "id": 18, "children": [{"label": "H", "color": [5, 7], "tstamp": 0.5180053405554096, "dist": 0.09901954767893817, "transferred": 0, "sibling_nr": 0, "id": 20, "children": [{"label": "*", "color": [2, 4], "tstamp": 0.4543997954533704, "dist": 0.0636055451020392, "transferred": 1, "sibling_nr": 0, "id": 35}, {"label": "D", "color": [5, 7], "tstamp": 0.29710329600645524, "dist": 0.22090204454895435, "transferred": 0, "sibling_nr": 1, "id": 34, "children": [{"label": "H", "color": [5, 7], "tstamp": 0.2330847425392514, "dist": 0.06401855346720384, "transferred": 0, "sibling_nr": 0, "id": 42, "children": [{"label": "S", "color": 9, "tstamp": 0.2223754843468032, "dist": 0.010709258192448196, "transferred": 1, "sibling_nr": 0, "id": 47, "children": [{"label": "H", "color": [9, 11], "tstamp": 0.1643286995444079, "dist": 0.05804678480239531, "transferred": 0, "sibling_nr": 0, "id": 61, "children": [{"label": "S", "color": 11, "tstamp": 0.05668457698410447, "dist": 0.10764412256030342, "transferred": 0, "sibling_nr": 0, "id": 64, "children": [{"label": "S", "color": 13, "tstamp": 0.02521705656660388, "dist": 0.03146752041750059, "transferred": 0, "sibling_nr": 0, "id": 91, "children": [{"label": "S", "color": 17, "tstamp": 0.008334191980953854, "dist": 0.016882864585650026, "transferred": 0, "sibling_nr": 0, "id": 101, "children": [{"label": "110", "color": 18, "tstamp": 0.0, "dist": 0.008334191980953854, "transferred": 0, "sibling_nr": 0, "id": 110}, {"label": "111", "color": 19, "tstamp": 0.0, "dist": 0.008334191980953854, "transferred": 0, "sibling_nr": 1, "id": 111}]}, {"label": "100", "color": 16, "tstamp": 0.0, "dist": 0.02521705656660388, "transferred": 0, "sibling_nr": 1, "id": 100}]}, {"label": "90", "color": 12, "tstamp": 0.0, "dist": 0.05668457698410447, "transferred": 0, "sibling_nr": 1, "id": 90}]}, {"label": "65", "color": 3, "tstamp": 0.0, "dist": 0.1643286995444079, "transferred": 1, "sibling_nr": 1, "id": 65}]}, {"label": "S", "color": 10, "tstamp": 0.08270251115480043, "dist": 0.13967297319200278, "transferred": 0, "sibling_nr": 1, "id": 60, "children": [{"label": "76", "color": 14, "tstamp": 0.0, "dist": 0.08270251115480043, "transferred": 0, "sibling_nr": 0, "id": 76}, {"label": "77", "color": 15, "tstamp": 0.0, "dist": 0.08270251115480043, "transferred": 0, "sibling_nr": 1, "id": 77}]}]}, {"label": "H", "color": [5, 7], "tstamp": 0.10994246400888391, "dist": 0.1231422785303675, "transferred": 0, "sibling_nr": 1, "id": 46, "children": [{"label": "S", "color": 10, "tstamp": 0.08270251115480043, "dist": 0.027239952854083482, "transferred": 1, "sibling_nr": 0, "id": 67, "children": [{"label": "80", "color": 14, "tstamp": 0.0, "dist": 0.08270251115480043, "transferred": 0, "sibling_nr": 0, "id": 80}, {"label": "81", "color": 15, "tstamp": 0.0, "dist": 0.08270251115480043, "transferred": 0, "sibling_nr": 1, "id": 81}]}, {"label": "66", "color": 7, "tstamp": 0.0, "dist": 0.10994246400888391, "transferred": 0, "sibling_nr": 1, "id": 66}]}]}, {"label": "43", "color": 7, "tstamp": 0.0, "dist": 0.29710329600645524, "transferred": 0, "sibling_nr": 1, "id": 43}]}]}, {"label": "21", "color": 7, "tstamp": 0.0, "dist": 0.6170248882343478, "transferred": 0, "sibling_nr": 1, "id": 21}]}, {"label": "19", "color": 4, "tstamp": 0.0, "dist": 0.620249522803722, "transferred": 1, "sibling_nr": 1, "id": 19}]}, {"label": "S", "color": 6, "tstamp": 0.5568885137288808, "dist": 0.07376932874852193, "transferred": 0, "sibling_nr": 1, "id": 12, "children": [{"label": "S", "color": 9, "tstamp": 0.2223754843468032, "dist": 0.3345130293820776, "transferred": 0, "sibling_nr": 0, "id": 23, "children": [{"label": "S", "color": 10, "tstamp": 0.08270251115480043, "dist": 0.13967297319200278, "transferred": 0, "sibling_nr": 0, "id": 50, "children": [{"label": "68", "color": 14, "tstamp": 0.0, "dist": 0.08270251115480043, "transferred": 0, "sibling_nr": 0, "id": 68}, {"label": "69", "color": 15, "tstamp": 0.0, "dist": 0.08270251115480043, "transferred": 0, "sibling_nr": 1, "id": 69}]}, {"label": "S", "color": 11, "tstamp": 0.05668457698410447, "dist": 0.16569090736269873, "transferred": 0, "sibling_nr": 1, "id": 51, "children": [{"label": "S", "color": 13, "tstamp": 0.02521705656660388, "dist": 0.03146752041750059, "transferred": 0, "sibling_nr": 0, "id": 83, "children": [{"label": "S", "color": 17, "tstamp": 0.008334191980953854, "dist": 0.016882864585650026, "transferred": 0, "sibling_nr": 0, "id": 95, "children": [{"label": "*", "color": [17, 19], "tstamp": 0.003362113402119243, "dist": 0.004972078578834611, "transferred": 0, "sibling_nr": 0, "id": 107}, {"label": "106", "color": 18, "tstamp": 0.0, "dist": 0.008334191980953854, "transferred": 0, "sibling_nr": 1, "id": 106}]}, {"label": "94", "color": 16, "tstamp": 0.0, "dist": 0.02521705656660388, "transferred": 0, "sibling_nr": 1, "id": 94}]}, {"label": "D", "color": [11, 12], "tstamp": 0.0027543022507274116, "dist": 0.05393027473337706, "transferred": 0, "sibling_nr": 1, "id": 82, "children": [{"label": "116", "color": 12, "tstamp": 0.0, "dist": 0.0027543022507274116, "transferred": 0, "sibling_nr": 0, "id": 116}, {"label": "117", "color": 12, "tstamp": 0.0, "dist": 0.0027543022507274116, "transferred": 0, "sibling_nr": 1, "id": 117}]}]}]}, {"label": "22", "color": 8, "tstamp": 0.0, "dist": 0.5568885137288808, "transferred": 0, "sibling_nr": 1, "id": 22}]}]}, {"label": "D", "color": [2, 4], "tstamp": 0.5340840180034141, "dist": 0.17563376439133505, "transferred": 0, "sibling_nr": 1, "id": 6, "children": [{"label": "*", "color": [2, 4], "tstamp": 0.4392189672141139, "dist": 0.09486505078930019, "transferred": 0, "sibling_nr": 0, "id": 30}, {"label": "D", "color": [2, 4], "tstamp": 0.36429826534356086, "dist": 0.16978575265985324, "transferred": 0, "sibling_nr": 1, "id": 31, "children": [{"label": "D", "color": [2, 4], "tstamp": 0.24825127140447664, "dist": 0.11604699393908421, "transferred": 0, "sibling_nr": 0, "id": 40, "children": [{"label": "44", "color": 4, "tstamp": 0.0, "dist": 0.24825127140447664, "transferred": 0, "sibling_nr": 0, "id": 44}, {"label": "45", "color": 4, "tstamp": 0.0, "dist": 0.24825127140447664, "transferred": 0, "sibling_nr": 1, "id": 45}]}, {"label": "41", "color": 4, "tstamp": 0.0, "dist": 0.36429826534356086, "transferred": 0, "sibling_nr": 1, "id": 41}]}]}]}, {"label": "S", "color": 2, "tstamp": 0.7097177823947491, "dist": 0.11359603004010466, "transferred": 0, "sibling_nr": 1, "id": 5, "children": [{"label": "D", "color": [2, 5], "tstamp": 0.6904913140475647, "dist": 0.019226468347184444, "transferred": 0, "sibling_nr": 0, "id": 9, "children": [{"label": "S", "color": 5, "tstamp": 0.6306578424774028, "dist": 0.059833471570161945, "transferred": 0, "sibling_nr": 0, "id": 10, "children": [{"label": "S", "color": 6, "tstamp": 0.5568885137288808, "dist": 0.07376932874852193, "transferred": 0, "sibling_nr": 0, "id": 14, "children": [{"label": "H", "color": [6, 8], "tstamp": 0.5379382866004261, "dist": 0.018950227128454733, "transferred": 0, "sibling_nr": 0, "id": 24,