{"label": "", "color": 0, "tstamp": 1.0, "dist": 0.0, "transferred": 0, "id": 0, "children": [{"label": "S", "color": 1, "tstamp": 0.9224259463838792, "dist": 0.0775740536161208, "transferred": 0, "sibling_nr": 0, "id": 1, "children": [{"label": "H", "color": [1, 2], "tstamp": 0.8862174704329642, "dist": 0.03620847595091503, "transferred": 0, "sibling_nr": 0, "id": 2, "children": [{"label": "D", "color": [1, 2], "tstamp": 0.7196810396849096, "dist": 0.16653643074805458, "transferred": 0, "sibling_nr": 0, "id": 4, "children": [{"label": "S", "color": 2, "tstamp": 0.6615680143177166, "dist": 0.05811302536719298, "transferred": 0, "sibling_nr": 0, "id": 8, "children": [{"label": "D", "color": [2, 5], "tstamp": 0.5616881399691658, "dist": 0.09987987434855083, "transferred": 0, "sibling_nr": 0, "id": 11, "children": [{"label": "H", "color": [2, 5], "tstamp": 0.5034510184815572, "dist": 0.05823712148760862, "transferred": 0, "sibling_nr": 0, "id": 17, "children": [{"label": "S", "color": 5, "tstamp": 0.42356985802097796, "dist": 0.07988116046057919, "transferred": 0, "sibling_nr": 0, "id": 18, "children": [{"label": "D", "color": [5, 6], "tstamp": 0.40015059300965833, "dist": 0.023419265011319634, "transferred": 0, "sibling_nr": 0, "id": 26, "children": [{"label": "S", "color": 6, "tstamp": 0.34742841177719935, "dist": 0.052722181232458976, "transferred": 0, "sibling_nr": 0, "id": 30, "children": [{"label": "*", "color": [6, 9], "tstamp": 0.03259974266978652, "dist": 0.3148286691074128, "transferred": 0, "sibling_nr": 0, "id": 39}, {"label": "38", "color": 8, "tstamp": 0.0, "dist": 0.34742841177719935, "transferred": 0, "sibling_nr": 1, "id": 38}]}, {"label": "S", "color": 6, "tstamp": 0.34742841177719935, "dist": 0.052722181232458976, "transferred": 0, "sibling_nr": 1, "id": 31, "children": [{"label": "*", "color": [6, 8], "tstamp": 0.08877333592437067, "dist": 0.25865507585282865, "transferred": 0, "sibling_nr": 0, "id": 40}, {"label": "S", "color": 9, "tstamp": 0.027044265280426562, "dist": 0.32038414649677277, "transferred": 0, "sibling_nr": 1, "id": 41, "children": [{"label": "S", "color": 10, "tstamp": 0.014592173846531557, "dist": 0.012452091433895005, "transferred": 0, "sibling_nr": 0, "id": 92, "children": [{"label": "S", "color": 13, "tstamp": 0.007339533347790865, "dist": 0.007252640498740691, "transferred": 0, "sibling_nr": 0, "id": 101, "children": [{"label": "108", "color": 14, "tstamp": 0.0, "dist": 0.007339533347790865, "transferred": 0, "sibling_nr": 0, "id": 108}, {"label": "109", "color": 15, "tstamp": 0.0, "dist": 0.007339533347790865, "transferred": 0, "sibling_nr": 1, "id": 109}]}, {"label": "100", "color": 12, "tstamp": 0.0, "dist": 0.014592173846531557, "transferred": 0, "sibling_nr": 1, "id": 100}]}, {"label": "93", "color": 11, "tstamp": 0.0, "dist": 0.027044265280426562, "transferred": 0, "sibling_nr": 1, "id": 93}]}]}]}, {"label": "*", "color": [5, 7], "tstamp": 0.11729611085344704, "dist": 0.3062737471675309, "transferred": 0, "sibling_nr": 1, "id": 27}]}, {"label": "S", "color": 4, "tstamp": 0.3468014839083818, "dist": 0.15664953457317538, "transferred": 1, "sibling_nr": 1, "id": 19, "children": [{"label": "D", "color": [4, 16], "tstamp": 0.11586051634640451, "dist": 0.23094096756197727, "transferred": 0, "sibling_nr": 0, "id": 52, "children": [{"label": "70", "color": 16, "tstamp": 0.0, "dist": 0.11586051634640451, "transferred": 0, "sibling_nr": 0, "id": 70}, {"label": "71", "color": 16, "tstamp": 0.0, "dist": 0.11586051634640451, "transferred": 0, "sibling_nr": 1, "id": 71}]}, {"label": "S", "color": 17, "tstamp": 0.027832481799758987, "dist": 0.3189690021086228, "transferred": 0, "sibling_nr": 1, "id": 53, "children": [{"label": "84", "color": 18, "tstamp": 0.0, "dist": 0.027832481799758987, "transferred": 0, "sibling_nr": 0, "id": 84}, {"label": "85", "color": 19, "tstamp": 0.0, "dist": 0.027832481799758987, "transferred": 0, "sibling_nr": 1, "id": 85}]}]}]}, {"label": "S", "color": 5, "tstamp": 0.42356985802097796, "dist": 0.13811828194818782, "transferred": 0, "sibling_nr": 1, "id": 16, "children": [{"label": "D", "color": [5, 6], "tstamp": 0.37763050890652233, "dist": 0.04593934911445563, "transferred": 0, "sibling_nr": 0, "id": 24, "children": [{"label": "S", "color": 6, "tstamp": 0.34742841177719935, "dist": 0.03020209712932298, "transferred": 0, "sibling_nr": 0, "id": 32, "children": [{"label": "H", "color": [6, 8], "tstamp": 0.21641445611168209, "dist": 0.13101395566551727, "transferred": 0, "sibling_nr": 0, "id": 42, "children": [{"label": "D", "color": [1, 3], "tstamp": 0.1098067145535438, "dist": 0.10660774155813829, "transferred": 1, "sibling_nr": 0, "id": 63, "children": [{"label": "74", "color": 3, "tstamp": 0.0, "dist": 0.1098067145535438, "transferred": 0, "sibling_nr": 0, "id": 74}, {"label": "75", "color": 3, "tstamp": 0.0, "dist": 0.1098067145535438, "transferred": 0, "sibling_nr": 1, "id": 75}]}, {"label": "62", "color": 8, "tstamp": 0.0, "dist": 0.21641445611168209, "transferred": 0, "sibling_nr": 1, "id": 62}]}, {"label": "S", "color": 9, "tstamp": 0.027044265280426562, "dist": 0.32038414649677277, "transferred": 0, "sibling_nr": 1, "id": 43, "children": [{"label": "S", "color": 10, "tstamp": 0.014592173846531557, "dist": 0.012452091433895005, "transferred": 0, "sibling_nr": 0, "id": 94, "children": [{"label": "S", "color": 13, "tstamp": 0.007339533347790865, "dist": 0.007252640498740691, "transferred": 0, "sibling_nr": 0, "id": 103, "children": [{"label": "110", "color": 14, "tstamp": 0.0, "dist": 0.007339533347790865, "transferred": 0, "sibling_nr": 0, "id": 110}, {"label": "111", "color": 15, "tstamp": 0.0, "dist": 0.007339533347790865, "transferred": 0, "sibling_nr": 1, "id": 111}]}, {"label": "102", "color": 12, "tstamp": 0.0, "dist": 0.014592173846531557, "transferred": 0, "sibling_nr": 1, "id": 102}]}, {"label": "95", "color": 11, "tstamp": 0.0, "dist": 0.027044265280426562, "transferred": 0, "sibling_nr": 1, "id": 95}]}]}, {"label": "S", "color": 6, "tstamp": 0.34742841177719935, "dist": 0.03020209712932298, "transferred": 0, "sibling_nr": 1, "id": 33, "children": [{"label": "*", "color": [6, 9], "tstamp": 0.10994450145531412, "dist": 0.23748391032188523, "transferred": 0, "sibling_nr": 0, "id": 45}, {"label": "44", "color": 8, "tstamp": 0.0, "dist": 0.34742841177719935, "transferred": 0, "sibling_nr": 1, "id": 44}]}]}, {"label": "D", "color": [5, 7], "tstamp": 0.10034099452593782, "dist": 0.32322886349504015, "transferred": 0, "sibling_nr": 1, "id": 25, "children": [{"label": "78", "color": 7, "tstamp": 0.0, "dist": 0.10034099452593782, "transferred": 0, "sibling_nr": 0, "id": 78}, {"label": "79", "color": 7, "tstamp": 0.0, "dist": 0.10034099452593782, "transferred": 0, "sibling_nr": 1, "id": 79}]}]}]}, {"label": "S", "color": 4, "tstamp": 0.3468014839083818, "dist": 0.31476653040933483, "transferred": 0, "sibling_nr": 1, "id": 10, "children": [{"label": "H", "color": [4, 16], "tstamp": 0.30292148336578434, "dist": 0.04388000054259744, "transferred": 0, "sibling_nr": 0, "id": 48, "children": [{"label": "*", "color": [5, 7], "tstamp": 0.1593664357404018, "dist": 0.14355504762538254, "transferred": 1, "sibling_nr": 0, "id": 57}, {"label": "56", "color": 16, "tstamp": 0.0, "dist": 0.30292148336578434, "transferred": 0, "sibling_nr": 1, "id": 56}]}, {"label": "D", "color": [4, 17], "tstamp": 0.2499024988735301, "dist": 0.09689898503485167, "transferred": 0, "sibling_nr": 1, "id": 49, "children": [{"label": "H", "color": [4, 17], "tstamp": 0.17994800385472742, "dist": 0.06995449501880269, "transferred": 0, "sibling_nr": 0, "id": 61, "children": [{"label": "D", "color": [6, 8], "tstamp": 0.10451492732630935, "dist": 0.07543307652841807, "transferred": 1, "sibling_nr": 0, "id": 65, "children": [{"label": "76", "color": 8, "tstamp": 0.0, "dist": 0.10451492732630935, "transferred": 0, "sibling_nr": 0, "id": 76}, {"label": "77", "color": 8, "tstamp": 0.0, "dist": 0.10451492732630935,