{"label": "", "color": 0, "tstamp": 1.0, "dist": 0.0, "transferred": 0, "id": 0, "children": [{"label": "S", "color": 1, "tstamp": 0.7421329731545445, "dist": 0.2578670268454555, "transferred": 0, "sibling_nr": 0, "id": 1, "children": [{"label": "D", "color": [1, 3], "tstamp": 0.7404367909725525, "dist": 0.0016961821819919676, "transferred": 0, "sibling_nr": 0, "id": 3, "children": [{"label": "D", "color": [1, 3], "tstamp": 0.6218087323741368, "dist": 0.11862805859841574, "transferred": 0, "sibling_nr": 0, "id": 4, "children": [{"label": "H", "color": [1, 3], "tstamp": 0.6033347682086491, "dist": 0.018473964165487744, "transferred": 0, "sibling_nr": 0, "id": 7, "children": [{"label": "H", "color": [1, 3], "tstamp": 0.5730179163482696, "dist": 0.030316851860379468, "transferred": 0, "sibling_nr": 0, "id": 8, "children": [{"label": "S", "color": 3, "tstamp": 0.5589994972065091, "dist": 0.014018419141760496, "transferred": 0, "sibling_nr": 0, "id": 10, "children": [{"label": "S", "color": 4, "tstamp": 0.4823432049236174, "dist": 0.07665629228289172, "transferred": 0, "sibling_nr": 0, "id": 16, "children": [{"label": "D", "color": [4, 7], "tstamp": 0.48038225370449344, "dist": 0.0019609512191239298, "transferred": 0, "sibling_nr": 0, "id": 33, "children": [{"label": "S", "color": 7, "tstamp": 0.3302515720525844, "dist": 0.15013068165190907, "transferred": 0, "sibling_nr": 0, "id": 36, "children": [{"label": "S", "color": 15, "tstamp": 0.2793974698101452, "dist": 0.05085410224243919, "transferred": 0, "sibling_nr": 0, "id": 53, "children": [{"label": "S", "color": 16, "tstamp": 0.2485908937218875, "dist": 0.03080657608825768, "transferred": 0, "sibling_nr": 0, "id": 64, "children": [{"label": "*", "color": [16, 19], "tstamp": 0.2310736879194662, "dist": 0.017517205802421304, "transferred": 0, "sibling_nr": 0, "id": 75}, {"label": "H", "color": [16, 18], "tstamp": 0.2280818272163021, "dist": 0.0205090665055854, "transferred": 0, "sibling_nr": 1, "id": 74, "children": [{"label": "S", "color": 6, "tstamp": 0.12519541684458002, "dist": 0.10288641037172208, "transferred": 1, "sibling_nr": 0, "id": 79, "children": [{"label": "H", "color": [6, 8], "tstamp": 0.07989565730627755, "dist": 0.04529975953830247, "transferred": 0, "sibling_nr": 0, "id": 100, "children": [{"label": "106", "color": 8, "tstamp": 0.0, "dist": 0.07989565730627755, "transferred": 0, "sibling_nr": 0, "id": 106}, {"label": "107", "color": 14, "tstamp": 0.0, "dist": 0.07989565730627755, "transferred": 1, "sibling_nr": 1, "id": 107}]}, {"label": "101", "color": 9, "tstamp": 0.0, "dist": 0.12519541684458002, "transferred": 0, "sibling_nr": 1, "id": 101}]}, {"label": "78", "color": 18, "tstamp": 0.0, "dist": 0.2280818272163021, "transferred": 0, "sibling_nr": 1, "id": 78}]}]}, {"label": "65", "color": 17, "tstamp": 0.0, "dist": 0.2793974698101452, "transferred": 0, "sibling_nr": 1, "id": 65}]}, {"label": "52", "color": 14, "tstamp": 0.0, "dist": 0.3302515720525844, "transferred": 0, "sibling_nr": 1, "id": 52}]}, {"label": "S", "color": 7, "tstamp": 0.3302515720525844, "dist": 0.15013068165190907, "transferred": 0, "sibling_nr": 1, "id": 37, "children": [{"label": "S", "color": 15, "tstamp": 0.2793974698101452, "dist": 0.05085410224243919, "transferred": 0, "sibling_nr": 0, "id": 55, "children": [{"label": "S", "color": 16, "tstamp": 0.2485908937218875, "dist": 0.03080657608825768, "transferred": 0, "sibling_nr": 0, "id": 66, "children": [{"label": "76", "color": 18, "tstamp": 0.0, "dist": 0.2485908937218875, "transferred": 0, "sibling_nr": 0, "id": 76}, {"label": "77", "color": 19, "tstamp": 0.0, "dist": 0.2485908937218875, "transferred": 0, "sibling_nr": 1, "id": 77}]}, {"label": "67", "color": 17, "tstamp": 0.0, "dist": 0.2793974698101452, "transferred": 0, "sibling_nr": 1, "id": 67}]}, {"label": "*", "color": [7, 14], "tstamp": 0.0728075070420448, "dist": 0.25744406501053957, "transferred": 0, "sibling_nr": 1, "id": 54}]}]}, {"label": "*", "color": [4, 6], "tstamp": 0.16910624973794913, "dist": 0.31323695518566824, "transferred": 0, "sibling_nr": 1, "id": 32}]}, {"label": "17", "color": 5, "tstamp": 0.0, "dist": 0.5589994972065091, "transferred": 0, "sibling_nr": 1, "id": 17}]}, {"label": "S", "color": 2, "tstamp": 0.544301552817066, "dist": 0.028716363531203548, "transferred": 1, "sibling_nr": 1, "id": 11, "children": [{"label": "H", "color": [2, 11], "tstamp": 0.5220886992791315, "dist": 0.022212853537934563, "transferred": 0, "sibling_nr": 0, "id": 23, "children": [{"label": "D", "color": [2, 11], "tstamp": 0.5015061783973476, "dist": 0.020582520881783917, "transferred": 0, "sibling_nr": 0, "id": 24, "children": [{"label": "H", "color": [2, 11], "tstamp": 0.4270671680679263, "dist": 0.0744390103294213, "transferred": 0, "sibling_nr": 0, "id": 26, "children": [{"label": "S", "color": 11, "tstamp": 0.3551528064123875, "dist": 0.07191436165553877, "transferred": 0, "sibling_nr": 0, "id": 38, "children": [{"label": "H", "color": [11, 13], "tstamp": 0.3164672415903459, "dist": 0.03868556482204161, "transferred": 0, "sibling_nr": 0, "id": 45, "children": [{"label": "D", "color": [3, 5], "tstamp": 0.12007891604499814, "dist": 0.19638832554534774, "transferred": 1, "sibling_nr": 0, "id": 57, "children": [{"label": "102", "color": 5, "tstamp": 0.0, "dist": 0.12007891604499814, "transferred": 0, "sibling_nr": 0, "id": 102}, {"label": "103", "color": 5, "tstamp": 0.0, "dist": 0.12007891604499814, "transferred": 0, "sibling_nr": 1, "id": 103}]}, {"label": "56", "color": 13, "tstamp": 0.0, "dist": 0.3164672415903459, "transferred": 0, "sibling_nr": 1, "id": 56}]}, {"label": "44", "color": 12, "tstamp": 0.0, "dist": 0.3551528064123875, "transferred": 0, "sibling_nr": 1, "id": 44}]}, {"label": "S", "color": 6, "tstamp": 0.12519541684458002, "dist": 0.30187175122334625, "transferred": 1, "sibling_nr": 1, "id": 39, "children": [{"label": "98", "color": 8, "tstamp": 0.0, "dist": 0.12519541684458002, "transferred": 0, "sibling_nr": 0, "id": 98}, {"label": "99", "color": 9, "tstamp": 0.0, "dist": 0.12519541684458002, "transferred": 0, "sibling_nr": 1, "id": 99}]}]}, {"label": "S", "color": 11, "tstamp": 0.3551528064123875, "dist": 0.14635337198496007, "transferred": 0, "sibling_nr": 1, "id": 27, "children": [{"label": "D", "color": [11, 12], "tstamp": 0.13392844710405521, "dist": 0.22122435930833229, "transferred": 0, "sibling_nr": 0, "id": 42, "children": [{"label": "88", "color": 12, "tstamp": 0.0, "dist": 0.13392844710405521, "transferred": 0, "sibling_nr": 0, "id": 88}, {"label": "89", "color": 12, "tstamp": 0.0, "dist": 0.13392844710405521, "transferred": 0, "sibling_nr": 1, "id": 89}]}, {"label": "43", "color": 13, "tstamp": 0.0, "dist": 0.3551528064123875, "transferred": 0, "sibling_nr": 1, "id": 43}]}]}, {"label": "S", "color": 4, "tstamp": 0.4823432049236174, "dist": 0.03974549435551411, "transferred": 1, "sibling_nr": 1, "id": 25, "children": [{"label": "S", "color": 7, "tstamp": 0.3302515720525844, "dist": 0.152091632871033, "transferred": 0, "sibling_nr": 0, "id": 35, "children": [{"label": "S", "color": 15, "tstamp": 0.2793974698101452, "dist": 0.05085410224243919, "transferred": 0, "sibling_nr": 0, "id": 51, "children": [{"label": "S", "color": 16, "tstamp": 0.2485908937218875, "dist": 0.03080657608825768, "transferred": 0, "sibling_nr": 0, "id": 62, "children": [{"label": "*", "color": [16, 19], "tstamp": 0.14677317051326694, "dist": 0.10181772320862056, "transferred": 0, "sibling_nr": 0, "id": 73}, {"label": "H", "color": [16, 18], "tstamp": 0.13479843073261696, "dist": 0.11379246298927054, "transferred": 0, "sibling_nr": 1, "id": 72, "children": [{"label": "87", "color": 13, "tstamp": 0.0, "dist": 0.13479843073261696, "transferred": 1, "sibling_nr": 0, "id": 87}, {"label": "86", "color": 18, "tstamp": 0.0, "dist": 0.13479843073261696, "transferred": 0, "sibling_nr": 1, "id": 86}]}]}, {"label": "D", "color": [15, 17], "tstamp": 0.15420000996622582, "dist": 0.12519745984391936,