{"label": "", "color": 0, "tstamp": 1.0, "dist": 0.0, "transferred": 0, "id": 0, "children": [{"label": "S", "color": 1, "tstamp": 0.934874081788892, "dist": 0.06512591821110802, "transferred": 0, "sibling_nr": 0, "id": 1, "children": [{"label": "D", "color": [1, 2], "tstamp": 0.8304447086054515, "dist": 0.10442937318344048, "transferred": 0, "sibling_nr": 0, "id": 2, "children": [{"label": "H", "color": [1, 2], "tstamp": 0.7868482424421599, "dist": 0.0435964661632916, "transferred": 0, "sibling_nr": 0, "id": 5, "children": [{"label": "S", "color": 2, "tstamp": 0.5236817858284142, "dist": 0.2631664566137457, "transferred": 0, "sibling_nr": 0, "id": 6, "children": [{"label": "D", "color": [2, 4], "tstamp": 0.46661193310534443, "dist": 0.05706985272306975, "transferred": 0, "sibling_nr": 0, "id": 12, "children": [{"label": "H", "color": [2, 4], "tstamp": 0.42666563673331886, "dist": 0.03994629637202557, "transferred": 0, "sibling_nr": 0, "id": 19, "children": [{"label": "S", "color": 5, "tstamp": 0.20899288634043853, "dist": 0.21767275039288034, "transferred": 1, "sibling_nr": 0, "id": 21, "children": [{"label": "H", "color": [5, 6], "tstamp": 0.16010616666858515, "dist": 0.048886719671853374, "transferred": 0, "sibling_nr": 0, "id": 30, "children": [{"label": "S", "color": 6, "tstamp": 0.12211235904102308, "dist": 0.037993807627562076, "transferred": 0, "sibling_nr": 0, "id": 42, "children": [{"label": "D", "color": [6, 8], "tstamp": 0.10462112759248095, "dist": 0.01749123144854213, "transferred": 0, "sibling_nr": 0, "id": 60, "children": [{"label": "S", "color": 8, "tstamp": 0.06881958619206734, "dist": 0.03580154140041361, "transferred": 0, "sibling_nr": 0, "id": 62, "children": [{"label": "S", "color": 17, "tstamp": 0.023302259126374052, "dist": 0.04551732706569328, "transferred": 0, "sibling_nr": 0, "id": 79, "children": [{"label": "138", "color": 18, "tstamp": 0.0, "dist": 0.023302259126374052, "transferred": 0, "sibling_nr": 0, "id": 138}, {"label": "139", "color": 19, "tstamp": 0.0, "dist": 0.023302259126374052, "transferred": 0, "sibling_nr": 1, "id": 139}]}, {"label": "78", "color": 16, "tstamp": 0.0, "dist": 0.06881958619206734, "transferred": 0, "sibling_nr": 1, "id": 78}]}, {"label": "S", "color": 8, "tstamp": 0.06881958619206734, "dist": 0.03580154140041361, "transferred": 0, "sibling_nr": 1, "id": 63, "children": [{"label": "S", "color": 17, "tstamp": 0.023302259126374052, "dist": 0.04551732706569328, "transferred": 0, "sibling_nr": 0, "id": 81, "children": [{"label": "140", "color": 18, "tstamp": 0.0, "dist": 0.023302259126374052, "transferred": 0, "sibling_nr": 0, "id": 140}, {"label": "141", "color": 19, "tstamp": 0.0, "dist": 0.023302259126374052, "transferred": 0, "sibling_nr": 1, "id": 141}]}, {"label": "80", "color": 16, "tstamp": 0.0, "dist": 0.06881958619206734, "transferred": 0, "sibling_nr": 1, "id": 80}]}]}, {"label": "S", "color": 9, "tstamp": 0.06372049303164058, "dist": 0.058391866009382495, "transferred": 0, "sibling_nr": 1, "id": 61, "children": [{"label": "S", "color": 10, "tstamp": 0.04088287468415465, "dist": 0.022837618347485933, "transferred": 0, "sibling_nr": 0, "id": 94, "children": [{"label": "108", "color": 12, "tstamp": 0.0, "dist": 0.04088287468415465, "transferred": 0, "sibling_nr": 0, "id": 108}, {"label": "109", "color": 13, "tstamp": 0.0, "dist": 0.04088287468415465, "transferred": 0, "sibling_nr": 1, "id": 109}]}, {"label": "S", "color": 11, "tstamp": 0.0384602863339073, "dist": 0.02526020669773328, "transferred": 0, "sibling_nr": 1, "id": 95, "children": [{"label": "122", "color": 14, "tstamp": 0.0, "dist": 0.0384602863339073, "transferred": 0, "sibling_nr": 0, "id": 122}, {"label": "123", "color": 15, "tstamp": 0.0, "dist": 0.0384602863339073, "transferred": 0, "sibling_nr": 1, "id": 123}]}]}]}, {"label": "43", "color": 7, "tstamp": 0.0, "dist": 0.16010616666858515, "transferred": 1, "sibling_nr": 1, "id": 43}]}, {"label": "31", "color": 7, "tstamp": 0.0, "dist": 0.20899288634043853, "transferred": 0, "sibling_nr": 1, "id": 31}]}, {"label": "*", "color": [2, 4], "tstamp": 0.18762739781070525, "dist": 0.2390382389226136, "transferred": 0, "sibling_nr": 1, "id": 20}]}, {"label": "H", "color": [2, 4], "tstamp": 0.20632603205009759, "dist": 0.26028590105524685, "transferred": 0, "sibling_nr": 1, "id": 18, "children": [{"label": "S", "color": 6, "tstamp": 0.12211235904102308, "dist": 0.08421367300907451, "transferred": 1, "sibling_nr": 0, "id": 39, "children": [{"label": "S", "color": 8, "tstamp": 0.06881958619206734, "dist": 0.05329277284895574, "transferred": 0, "sibling_nr": 0, "id": 58, "children": [{"label": "S", "color": 17, "tstamp": 0.023302259126374052, "dist": 0.04551732706569328, "transferred": 0, "sibling_nr": 0, "id": 77, "children": [{"label": "136", "color": 18, "tstamp": 0.0, "dist": 0.023302259126374052, "transferred": 0, "sibling_nr": 0, "id": 136}, {"label": "137", "color": 19, "tstamp": 0.0, "dist": 0.023302259126374052, "transferred": 0, "sibling_nr": 1, "id": 137}]}, {"label": "76", "color": 16, "tstamp": 0.0, "dist": 0.06881958619206734, "transferred": 0, "sibling_nr": 1, "id": 76}]}, {"label": "S", "color": 9, "tstamp": 0.06372049303164058, "dist": 0.058391866009382495, "transferred": 0, "sibling_nr": 1, "id": 59, "children": [{"label": "S", "color": 10, "tstamp": 0.04088287468415465, "dist": 0.022837618347485933, "transferred": 0, "sibling_nr": 0, "id": 92, "children": [{"label": "106", "color": 12, "tstamp": 0.0, "dist": 0.04088287468415465, "transferred": 0, "sibling_nr": 0, "id": 106}, {"label": "107", "color": 13, "tstamp": 0.0, "dist": 0.04088287468415465, "transferred": 0, "sibling_nr": 1, "id": 107}]}, {"label": "S", "color": 11, "tstamp": 0.0384602863339073, "dist": 0.02526020669773328, "transferred": 0, "sibling_nr": 1, "id": 93, "children": [{"label": "120", "color": 14, "tstamp": 0.0, "dist": 0.0384602863339073, "transferred": 0, "sibling_nr": 0, "id": 120}, {"label": "121", "color": 15, "tstamp": 0.0, "dist": 0.0384602863339073, "transferred": 0, "sibling_nr": 1, "id": 121}]}]}]}, {"label": "38", "color": 4, "tstamp": 0.0, "dist": 0.20632603205009759, "transferred": 0, "sibling_nr": 1, "id": 38}]}]}, {"label": "H", "color": [2, 5], "tstamp": 0.2563967788998824, "dist": 0.2672850069285318, "transferred": 0, "sibling_nr": 1, "id": 13, "children": [{"label": "S", "color": 5, "tstamp": 0.20899288634043853, "dist": 0.047403892559443855, "transferred": 0, "sibling_nr": 0, "id": 24, "children": [{"label": "S", "color": 6, "tstamp": 0.12211235904102308, "dist": 0.08688052729941545, "transferred": 0, "sibling_nr": 0, "id": 36, "children": [{"label": "S", "color": 8, "tstamp": 0.06881958619206734, "dist": 0.05329277284895574, "transferred": 0, "sibling_nr": 0, "id": 56, "children": [{"label": "S", "color": 17, "tstamp": 0.023302259126374052, "dist": 0.04551732706569328, "transferred": 0, "sibling_nr": 0, "id": 75, "children": [{"label": "134", "color": 18, "tstamp": 0.0, "dist": 0.023302259126374052, "transferred": 0, "sibling_nr": 0, "id": 134}, {"label": "135", "color": 19, "tstamp": 0.0, "dist": 0.023302259126374052, "transferred": 0, "sibling_nr": 1, "id": 135}]}, {"label": "74", "color": 16, "tstamp": 0.0, "dist": 0.06881958619206734, "transferred": 0, "sibling_nr": 1, "id": 74}]}, {"label": "S", "color": 9, "tstamp": 0.06372049303164058, "dist": 0.058391866009382495, "transferred": 0, "sibling_nr": 1, "id": 57, "children": [{"label": "S", "color": 10, "tstamp": 0.04088287468415465, "dist": 0.022837618347485933, "transferred": 0, "sibling_nr": 0, "id": 90, "children": [{"label": "104", "color": 12, "tstamp": 0.0, "dist": 0.04088287468415465, "transferred": 0, "sibling_nr": 0, "id": 104}, {"label": "105", "color": 13, "tstamp": 0.0, "dist": 0.04088287468415465, "transferred": 0, "sibling_nr": 1, "id": 105}]}, {"label": "S", "color": 11, "tstamp": 0.0384602863339073, "dist": 0.02526020669773328, "transferred": 0, "sibling_nr": 1, "id": 91, "children": [{"label": "118",