{"label": "", "color": 0, "tstamp": 1.0, "dist": 0.0, "transferred": 0, "id": 0, "children": [{"label": "D", "color": [0, 1], "tstamp": 0.5456311972260293, "dist": 0.45436880277397074, "transferred": 0, "sibling_nr": 0, "id": 1, "children": [{"label": "*", "color": [0, 1], "tstamp": 0.4398348776268362, "dist": 0.10579631959919306, "transferred": 0, "sibling_nr": 0, "id": 2}, {"label": "D", "color": [0, 1], "tstamp": 0.39622321371731706, "dist": 0.1494079835087122, "transferred": 0, "sibling_nr": 1, "id": 3, "children": [{"label": "D", "color": [0, 1], "tstamp": 0.2953666646900531, "dist": 0.10085654902726393, "transferred": 0, "sibling_nr": 0, "id": 5, "children": [{"label": "D", "color": [0, 1], "tstamp": 0.2623587985213469, "dist": 0.03300786616870621, "transferred": 0, "sibling_nr": 0, "id": 6, "children": [{"label": "*", "color": [0, 1], "tstamp": 0.2171873362961912, "dist": 0.04517146222515572, "transferred": 0, "sibling_nr": 0, "id": 9}, {"label": "D", "color": [0, 1], "tstamp": 0.20729687519083748, "dist": 0.05506192333050944, "transferred": 0, "sibling_nr": 1, "id": 8, "children": [{"label": "D", "color": [0, 1], "tstamp": 0.18446048505598284, "dist": 0.02283639013485464, "transferred": 0, "sibling_nr": 0, "id": 11, "children": [{"label": "D", "color": [0, 1], "tstamp": 0.08835262766052121, "dist": 0.09610785739546163, "transferred": 0, "sibling_nr": 0, "id": 12, "children": [{"label": "S", "color": 1, "tstamp": 0.04725660355947192, "dist": 0.04109602410104929, "transferred": 0, "sibling_nr": 0, "id": 14, "children": [{"label": "S", "color": 3, "tstamp": 0.01417862413180656, "dist": 0.03307797942766536, "transferred": 0, "sibling_nr": 0, "id": 25, "children": [{"label": "S", "color": 4, "tstamp": 0.010483985610470562, "dist": 0.003694638521335997, "transferred": 0, "sibling_nr": 0, "id": 38, "children": [{"label": "S", "color": 7, "tstamp": 0.004018530213686699, "dist": 0.006465455396783864, "transferred": 0, "sibling_nr": 0, "id": 53, "children": [{"label": "S", "color": 9, "tstamp": 0.003630891898884566, "dist": 0.00038763831480213276, "transferred": 0, "sibling_nr": 0, "id": 67, "children": [{"label": "S", "color": 11, "tstamp": 0.001431367571037625, "dist": 0.002199524327846941, "transferred": 0, "sibling_nr": 0, "id": 81, "children": [{"label": "S", "color": 13, "tstamp": 0.0008688099239765833, "dist": 0.0005625576470610417, "transferred": 0, "sibling_nr": 0, "id": 109, "children": [{"label": "122", "color": 14, "tstamp": 0.0, "dist": 0.0008688099239765833, "transferred": 0, "sibling_nr": 0, "id": 122}, {"label": "123", "color": 15, "tstamp": 0.0, "dist": 0.0008688099239765833, "transferred": 0, "sibling_nr": 1, "id": 123}]}, {"label": "108", "color": 12, "tstamp": 0.0, "dist": 0.001431367571037625, "transferred": 0, "sibling_nr": 1, "id": 108}]}, {"label": "80", "color": 10, "tstamp": 0.0, "dist": 0.003630891898884566, "transferred": 0, "sibling_nr": 1, "id": 80}]}, {"label": "S", "color": 8, "tstamp": 0.0015801690670153648, "dist": 0.002438361146671334, "transferred": 0, "sibling_nr": 1, "id": 66, "children": [{"label": "94", "color": 18, "tstamp": 0.0, "dist": 0.0015801690670153648, "transferred": 0, "sibling_nr": 0, "id": 94}, {"label": "95", "color": 19, "tstamp": 0.0, "dist": 0.0015801690670153648, "transferred": 0, "sibling_nr": 1, "id": 95}]}]}, {"label": "S", "color": 6, "tstamp": 0.0005494484945465087, "dist": 0.009934537115924054, "transferred": 0, "sibling_nr": 1, "id": 52, "children": [{"label": "136", "color": 16, "tstamp": 0.0, "dist": 0.0005494484945465087, "transferred": 0, "sibling_nr": 0, "id": 136}, {"label": "137", "color": 17, "tstamp": 0.0, "dist": 0.0005494484945465087, "transferred": 0, "sibling_nr": 1, "id": 137}]}]}, {"label": "39", "color": 5, "tstamp": 0.0, "dist": 0.01417862413180656, "transferred": 0, "sibling_nr": 1, "id": 39}]}, {"label": "24", "color": 2, "tstamp": 0.0, "dist": 0.04725660355947192, "transferred": 0, "sibling_nr": 1, "id": 24}]}, {"label": "S", "color": 1, "tstamp": 0.04725660355947192, "dist": 0.04109602410104929, "transferred": 0, "sibling_nr": 1, "id": 15, "children": [{"label": "S", "color": 3, "tstamp": 0.01417862413180656, "dist": 0.03307797942766536, "transferred": 0, "sibling_nr": 0, "id": 27, "children": [{"label": "S", "color": 4, "tstamp": 0.010483985610470562, "dist": 0.003694638521335997, "transferred": 0, "sibling_nr": 0, "id": 40, "children": [{"label": "S", "color": 7, "tstamp": 0.004018530213686699, "dist": 0.006465455396783864, "transferred": 0, "sibling_nr": 0, "id": 55, "children": [{"label": "S", "color": 9, "tstamp": 0.003630891898884566, "dist": 0.00038763831480213276, "transferred": 0, "sibling_nr": 0, "id": 69, "children": [{"label": "S", "color": 11, "tstamp": 0.001431367571037625, "dist": 0.002199524327846941, "transferred": 0, "sibling_nr": 0, "id": 83, "children": [{"label": "S", "color": 13, "tstamp": 0.0008688099239765833, "dist": 0.0005625576470610417, "transferred": 0, "sibling_nr": 0, "id": 111, "children": [{"label": "124", "color": 14, "tstamp": 0.0, "dist": 0.0008688099239765833, "transferred": 0, "sibling_nr": 0, "id": 124}, {"label": "125", "color": 15, "tstamp": 0.0, "dist": 0.0008688099239765833, "transferred": 0, "sibling_nr": 1, "id": 125}]}, {"label": "110", "color": 12, "tstamp": 0.0, "dist": 0.001431367571037625, "transferred": 0, "sibling_nr": 1, "id": 110}]}, {"label": "82", "color": 10, "tstamp": 0.0, "dist": 0.003630891898884566, "transferred": 0, "sibling_nr": 1, "id": 82}]}, {"label": "S", "color": 8, "tstamp": 0.0015801690670153648, "dist": 0.002438361146671334, "transferred": 0, "sibling_nr": 1, "id": 68, "children": [{"label": "96", "color": 18, "tstamp": 0.0, "dist": 0.0015801690670153648, "transferred": 0, "sibling_nr": 0, "id": 96}, {"label": "97", "color": 19, "tstamp": 0.0, "dist": 0.0015801690670153648, "transferred": 0, "sibling_nr": 1, "id": 97}]}]}, {"label": "S", "color": 6, "tstamp": 0.0005494484945465087, "dist": 0.009934537115924054, "transferred": 0, "sibling_nr": 1, "id": 54, "children": [{"label": "138", "color": 16, "tstamp": 0.0, "dist": 0.0005494484945465087, "transferred": 0, "sibling_nr": 0, "id": 138}, {"label": "139", "color": 17, "tstamp": 0.0, "dist": 0.0005494484945465087, "transferred": 0, "sibling_nr": 1, "id": 139}]}]}, {"label": "41", "color": 5, "tstamp": 0.0, "dist": 0.01417862413180656, "transferred": 0, "sibling_nr": 1, "id": 41}]}, {"label": "26", "color": 2, "tstamp": 0.0, "dist": 0.04725660355947192, "transferred": 0, "sibling_nr": 1, "id": 26}]}]}, {"label": "D", "color": [0, 1], "tstamp": 0.0751087401801723, "dist": 0.10935174487581054, "transferred": 0, "sibling_nr": 1, "id": 13, "children": [{"label": "S", "color": 1, "tstamp": 0.04725660355947192, "dist": 0.02785213662070038, "transferred": 0, "sibling_nr": 0, "id": 16, "children": [{"label": "*", "color": [1, 2], "tstamp": 0.04014638540393233, "dist": 0.00711021815553959, "transferred": 0, "sibling_nr": 0, "id": 28}, {"label": "S", "color": 3, "tstamp": 0.01417862413180656, "dist": 0.03307797942766536, "transferred": 0, "sibling_nr": 1, "id": 29, "children": [{"label": "S", "color": 4, "tstamp": 0.010483985610470562, "dist": 0.003694638521335997, "transferred": 0, "sibling_nr": 0, "id": 42, "children": [{"label": "S", "color": 7, "tstamp": 0.004018530213686699, "dist": 0.006465455396783864, "transferred": 0, "sibling_nr": 0, "id": 57, "children": [{"label": "S", "color": 9, "tstamp": 0.003630891898884566, "dist": 0.00038763831480213276, "transferred": 0, "sibling_nr": 0, "id": 71, "children": [{"label": "S", "color": 11, "tstamp": 0.001431367571037625, "dist": 0.002199524327846941, "transferred": 0, "sibling_nr": 0, "id": 85, "children": [{"label": "S", "color": 13, "tstamp": 0.0008688099239765833, "dist": 0.0005625576470610417, "transferred": 0, "sibling_nr": 0, "id": 113, "children": [{"label": "126", "color": 14, "tstamp": 0.0, "dist": 0.0008688099239765833, "transferred": 0, "sibling_nr": 0, "id": 126}, {"label": "127", "color": 15,