{"label": "", "color": 0, "tstamp": 1.0, "dist": 0.0, "transferred": 0, "id": 0, "children": [{"label": "D", "color": [0, 1], "tstamp": 0.8801848148576596, "dist": 0.11981518514234035, "transferred": 0, "sibling_nr": 0, "id": 1, "children": [{"label": "D", "color": [0, 1], "tstamp": 0.6808226214675621, "dist": 0.19936219339009753, "transferred": 0, "sibling_nr": 0, "id": 2, "children": [{"label": "D", "color": [0, 1], "tstamp": 0.24884481477435494, "dist": 0.4319778066932072, "transferred": 0, "sibling_nr": 0, "id": 5, "children": [{"label": "S", "color": 1, "tstamp": 0.22962309428934857, "dist": 0.019221720485006366, "transferred": 0, "sibling_nr": 0, "id": 8, "children": [{"label": "H", "color": [1, 2], "tstamp": 0.20517031724457718, "dist": 0.02445277704477139, "transferred": 0, "sibling_nr": 0, "id": 16, "children": [{"label": "H", "color": [1, 2], "tstamp": 0.15696305217580694, "dist": 0.04820726506877024, "transferred": 0, "sibling_nr": 0, "id": 20, "children": [{"label": "S", "color": 3, "tstamp": 0.1448990700826093, "dist": 0.012063982093197645, "transferred": 1, "sibling_nr": 0, "id": 23, "children": [{"label": "S", "color": 5, "tstamp": 0.0792794024108185, "dist": 0.0656196676717908, "transferred": 0, "sibling_nr": 0, "id": 37, "children": [{"label": "S", "color": 7, "tstamp": 0.06378210209568114, "dist": 0.015497300315137366, "transferred": 0, "sibling_nr": 0, "id": 51, "children": [{"label": "S", "color": 8, "tstamp": 0.020509238119646774, "dist": 0.04327286397603436, "transferred": 0, "sibling_nr": 0, "id": 64, "children": [{"label": "S", "color": 11, "tstamp": 0.017523923483887, "dist": 0.002985314635759774, "transferred": 0, "sibling_nr": 0, "id": 81, "children": [{"label": "S", "color": 13, "tstamp": 0.002268973069696409, "dist": 0.015254950414190591, "transferred": 0, "sibling_nr": 0, "id": 95, "children": [{"label": "108", "color": 14, "tstamp": 0.0, "dist": 0.002268973069696409, "transferred": 0, "sibling_nr": 0, "id": 108}, {"label": "109", "color": 15, "tstamp": 0.0, "dist": 0.002268973069696409, "transferred": 0, "sibling_nr": 1, "id": 109}]}, {"label": "S", "color": 12, "tstamp": 0.0006441534277163727, "dist": 0.016879770056170626, "transferred": 0, "sibling_nr": 1, "id": 94, "children": [{"label": "S", "color": 16, "tstamp": 7.624943070765221e-05, "dist": 0.0005679039970087205, "transferred": 0, "sibling_nr": 0, "id": 124, "children": [{"label": "138", "color": 18, "tstamp": 0.0, "dist": 7.624943070765221e-05, "transferred": 0, "sibling_nr": 0, "id": 138}, {"label": "139", "color": 19, "tstamp": 0.0, "dist": 7.624943070765221e-05, "transferred": 0, "sibling_nr": 1, "id": 139}]}, {"label": "125", "color": 17, "tstamp": 0.0, "dist": 0.0006441534277163727, "transferred": 0, "sibling_nr": 1, "id": 125}]}]}, {"label": "80", "color": 10, "tstamp": 0.0, "dist": 0.020509238119646774, "transferred": 0, "sibling_nr": 1, "id": 80}]}, {"label": "65", "color": 9, "tstamp": 0.0, "dist": 0.06378210209568114, "transferred": 0, "sibling_nr": 1, "id": 65}]}, {"label": "50", "color": 6, "tstamp": 0.0, "dist": 0.0792794024108185, "transferred": 0, "sibling_nr": 1, "id": 50}]}, {"label": "36", "color": 4, "tstamp": 0.0, "dist": 0.1448990700826093, "transferred": 0, "sibling_nr": 1, "id": 36}]}, {"label": "22", "color": 2, "tstamp": 0.0, "dist": 0.15696305217580694, "transferred": 0, "sibling_nr": 1, "id": 22}]}, {"label": "S", "color": 3, "tstamp": 0.1448990700826093, "dist": 0.060271247161967884, "transferred": 1, "sibling_nr": 1, "id": 21, "children": [{"label": "S", "color": 5, "tstamp": 0.0792794024108185, "dist": 0.0656196676717908, "transferred": 0, "sibling_nr": 0, "id": 35, "children": [{"label": "S", "color": 7, "tstamp": 0.06378210209568114, "dist": 0.015497300315137366, "transferred": 0, "sibling_nr": 0, "id": 49, "children": [{"label": "S", "color": 8, "tstamp": 0.020509238119646774, "dist": 0.04327286397603436, "transferred": 0, "sibling_nr": 0, "id": 62, "children": [{"label": "S", "color": 11, "tstamp": 0.017523923483887, "dist": 0.002985314635759774, "transferred": 0, "sibling_nr": 0, "id": 79, "children": [{"label": "S", "color": 13, "tstamp": 0.002268973069696409, "dist": 0.015254950414190591, "transferred": 0, "sibling_nr": 0, "id": 93, "children": [{"label": "D", "color": [13, 15], "tstamp": 0.0019369373548212994, "dist": 0.00033203571487510947, "transferred": 0, "sibling_nr": 0, "id": 107, "children": [{"label": "112", "color": 15, "tstamp": 0.0, "dist": 0.0019369373548212994, "transferred": 0, "sibling_nr": 0, "id": 112}, {"label": "113", "color": 15, "tstamp": 0.0, "dist": 0.0019369373548212994, "transferred": 0, "sibling_nr": 1, "id": 113}]}, {"label": "106", "color": 14, "tstamp": 0.0, "dist": 0.002268973069696409, "transferred": 0, "sibling_nr": 1, "id": 106}]}, {"label": "S", "color": 12, "tstamp": 0.0006441534277163727, "dist": 0.016879770056170626, "transferred": 0, "sibling_nr": 1, "id": 92, "children": [{"label": "S", "color": 16, "tstamp": 7.624943070765221e-05, "dist": 0.0005679039970087205, "transferred": 0, "sibling_nr": 0, "id": 122, "children": [{"label": "136", "color": 18, "tstamp": 0.0, "dist": 7.624943070765221e-05, "transferred": 0, "sibling_nr": 0, "id": 136}, {"label": "137", "color": 19, "tstamp": 0.0, "dist": 7.624943070765221e-05, "transferred": 0, "sibling_nr": 1, "id": 137}]}, {"label": "123", "color": 17, "tstamp": 0.0, "dist": 0.0006441534277163727, "transferred": 0, "sibling_nr": 1, "id": 123}]}]}, {"label": "78", "color": 10, "tstamp": 0.0, "dist": 0.020509238119646774, "transferred": 0, "sibling_nr": 1, "id": 78}]}, {"label": "63", "color": 9, "tstamp": 0.0, "dist": 0.06378210209568114, "transferred": 0, "sibling_nr": 1, "id": 63}]}, {"label": "48", "color": 6, "tstamp": 0.0, "dist": 0.0792794024108185, "transferred": 0, "sibling_nr": 1, "id": 48}]}, {"label": "34", "color": 4, "tstamp": 0.0, "dist": 0.1448990700826093, "transferred": 0, "sibling_nr": 1, "id": 34}]}]}, {"label": "S", "color": 3, "tstamp": 0.1448990700826093, "dist": 0.08472402420673927, "transferred": 0, "sibling_nr": 1, "id": 17, "children": [{"label": "S", "color": 5, "tstamp": 0.0792794024108185, "dist": 0.0656196676717908, "transferred": 0, "sibling_nr": 0, "id": 31, "children": [{"label": "S", "color": 7, "tstamp": 0.06378210209568114, "dist": 0.015497300315137366, "transferred": 0, "sibling_nr": 0, "id": 45, "children": [{"label": "H", "color": [7, 8], "tstamp": 0.03413768757705044, "dist": 0.029644414518630695, "transferred": 0, "sibling_nr": 0, "id": 58, "children": [{"label": "S", "color": 8, "tstamp": 0.020509238119646774, "dist": 0.013628449457403668, "transferred": 0, "sibling_nr": 0, "id": 68, "children": [{"label": "S", "color": 11, "tstamp": 0.017523923483887, "dist": 0.002985314635759774, "transferred": 0, "sibling_nr": 0, "id": 83, "children": [{"label": "S", "color": 13, "tstamp": 0.002268973069696409, "dist": 0.015254950414190591, "transferred": 0, "sibling_nr": 0, "id": 97, "children": [{"label": "110", "color": 14, "tstamp": 0.0, "dist": 0.002268973069696409, "transferred": 0, "sibling_nr": 0, "id": 110}, {"label": "111", "color": 15, "tstamp": 0.0, "dist": 0.002268973069696409, "transferred": 0, "sibling_nr": 1, "id": 111}]}, {"label": "S", "color": 12, "tstamp": 0.0006441534277163727, "dist": 0.016879770056170626, "transferred": 0, "sibling_nr": 1, "id": 96, "children": [{"label": "S", "color": 16, "tstamp": 7.624943070765221e-05, "dist": 0.0005679039970087205, "transferred": 0, "sibling_nr": 0, "id": 126, "children": [{"label": "140", "color": 18, "tstamp": 0.0, "dist": 7.624943070765221e-05, "transferred": 0, "sibling_nr": 0, "id": 140}, {"label": "141", "color": 19, "tstamp": 0.0, "dist": 7.624943070765221e-05, "transferred": 0, "sibling_nr": 1, "id": 141}]}, {"label": "127", "color": 17, "tstamp": 0.0, "dist": 0.0006441534277163727, "transferred": 0, "sibling_nr": 1, "id": 127}]}]}, {"label": "*", "color": [8, 10], "tstamp": 0.012958501141402044, "dist": 0.007550736978244731, "transferred": 0,