{"label": "", "color": 0, "tstamp": 1.0, "dist": 0.0, "transferred": 0, "id": 0, "children": [{"label": "D", "color": [0, 1], "tstamp": 0.7322660589200621, "dist": 0.26773394107993786, "transferred": 0, "sibling_nr": 0, "id": 1, "children": [{"label": "D", "color": [0, 1], "tstamp": 0.5171780744949718, "dist": 0.21508798442509036, "transferred": 0, "sibling_nr": 0, "id": 3, "children": [{"label": "S", "color": 1, "tstamp": 0.4370410636000637, "dist": 0.0801370108949081, "transferred": 0, "sibling_nr": 0, "id": 4, "children": [{"label": "D", "color": [1, 2], "tstamp": 0.43394636115722107, "dist": 0.0030947024428426007, "transferred": 0, "sibling_nr": 0, "id": 8, "children": [{"label": "H", "color": [1, 2], "tstamp": 0.1285901951864473, "dist": 0.30535616597077375, "transferred": 0, "sibling_nr": 0, "id": 12, "children": [{"label": "S", "color": 3, "tstamp": 0.017983721732624133, "dist": 0.11060647345382316, "transferred": 1, "sibling_nr": 0, "id": 25, "children": [{"label": "S", "color": 4, "tstamp": 0.013807466966444925, "dist": 0.004176254766179208, "transferred": 0, "sibling_nr": 0, "id": 38, "children": [{"label": "S", "color": 7, "tstamp": 0.01303863860401549, "dist": 0.0007688283624294346, "transferred": 0, "sibling_nr": 0, "id": 55, "children": [{"label": "S", "color": 9, "tstamp": 0.012296831804666872, "dist": 0.0007418067993486179, "transferred": 0, "sibling_nr": 0, "id": 69, "children": [{"label": "S", "color": 10, "tstamp": 0.004300731501547227, "dist": 0.007996100303119646, "transferred": 0, "sibling_nr": 0, "id": 82, "children": [{"label": "S", "color": 13, "tstamp": 0.0017116782794041315, "dist": 0.0025890532221430956, "transferred": 0, "sibling_nr": 0, "id": 99, "children": [{"label": "S", "color": 14, "tstamp": 0.0011140154571316853, "dist": 0.0005976628222724462, "transferred": 0, "sibling_nr": 0, "id": 112, "children": [{"label": "S", "color": 17, "tstamp": 0.000237980311828436, "dist": 0.0008760351453032493, "transferred": 0, "sibling_nr": 0, "id": 127, "children": [{"label": "140", "color": 18, "tstamp": 0.0, "dist": 0.000237980311828436, "transferred": 0, "sibling_nr": 0, "id": 140}, {"label": "141", "color": 19, "tstamp": 0.0, "dist": 0.000237980311828436, "transferred": 0, "sibling_nr": 1, "id": 141}]}, {"label": "126", "color": 16, "tstamp": 0.0, "dist": 0.0011140154571316853, "transferred": 0, "sibling_nr": 1, "id": 126}]}, {"label": "113", "color": 15, "tstamp": 0.0, "dist": 0.0017116782794041315, "transferred": 0, "sibling_nr": 1, "id": 113}]}, {"label": "98", "color": 12, "tstamp": 0.0, "dist": 0.004300731501547227, "transferred": 0, "sibling_nr": 1, "id": 98}]}, {"label": "83", "color": 11, "tstamp": 0.0, "dist": 0.012296831804666872, "transferred": 0, "sibling_nr": 1, "id": 83}]}, {"label": "68", "color": 8, "tstamp": 0.0, "dist": 0.01303863860401549, "transferred": 0, "sibling_nr": 1, "id": 68}]}, {"label": "54", "color": 6, "tstamp": 0.0, "dist": 0.013807466966444925, "transferred": 0, "sibling_nr": 1, "id": 54}]}, {"label": "39", "color": 5, "tstamp": 0.0, "dist": 0.017983721732624133, "transferred": 0, "sibling_nr": 1, "id": 39}]}, {"label": "24", "color": 2, "tstamp": 0.0, "dist": 0.1285901951864473, "transferred": 0, "sibling_nr": 1, "id": 24}]}, {"label": "13", "color": 2, "tstamp": 0.0, "dist": 0.43394636115722107, "transferred": 0, "sibling_nr": 1, "id": 13}]}, {"label": "S", "color": 3, "tstamp": 0.017983721732624133, "dist": 0.41905734186743954, "transferred": 0, "sibling_nr": 1, "id": 9, "children": [{"label": "S", "color": 4, "tstamp": 0.013807466966444925, "dist": 0.004176254766179208, "transferred": 0, "sibling_nr": 0, "id": 28, "children": [{"label": "S", "color": 7, "tstamp": 0.01303863860401549, "dist": 0.0007688283624294346, "transferred": 0, "sibling_nr": 0, "id": 45, "children": [{"label": "S", "color": 9, "tstamp": 0.012296831804666872, "dist": 0.0007418067993486179, "transferred": 0, "sibling_nr": 0, "id": 59, "children": [{"label": "S", "color": 10, "tstamp": 0.004300731501547227, "dist": 0.007996100303119646, "transferred": 0, "sibling_nr": 0, "id": 72, "children": [{"label": "S", "color": 13, "tstamp": 0.0017116782794041315, "dist": 0.0025890532221430956, "transferred": 0, "sibling_nr": 0, "id": 89, "children": [{"label": "S", "color": 14, "tstamp": 0.0011140154571316853, "dist": 0.0005976628222724462, "transferred": 0, "sibling_nr": 0, "id": 102, "children": [{"label": "S", "color": 17, "tstamp": 0.000237980311828436, "dist": 0.0008760351453032493, "transferred": 0, "sibling_nr": 0, "id": 117, "children": [{"label": "130", "color": 18, "tstamp": 0.0, "dist": 0.000237980311828436, "transferred": 0, "sibling_nr": 0, "id": 130}, {"label": "131", "color": 19, "tstamp": 0.0, "dist": 0.000237980311828436, "transferred": 0, "sibling_nr": 1, "id": 131}]}, {"label": "116", "color": 16, "tstamp": 0.0, "dist": 0.0011140154571316853, "transferred": 0, "sibling_nr": 1, "id": 116}]}, {"label": "103", "color": 15, "tstamp": 0.0, "dist": 0.0017116782794041315, "transferred": 0, "sibling_nr": 1, "id": 103}]}, {"label": "88", "color": 12, "tstamp": 0.0, "dist": 0.004300731501547227, "transferred": 0, "sibling_nr": 1, "id": 88}]}, {"label": "73", "color": 11, "tstamp": 0.0, "dist": 0.012296831804666872, "transferred": 0, "sibling_nr": 1, "id": 73}]}, {"label": "58", "color": 8, "tstamp": 0.0, "dist": 0.01303863860401549, "transferred": 0, "sibling_nr": 1, "id": 58}]}, {"label": "44", "color": 6, "tstamp": 0.0, "dist": 0.013807466966444925, "transferred": 0, "sibling_nr": 1, "id": 44}]}, {"label": "29", "color": 5, "tstamp": 0.0, "dist": 0.017983721732624133, "transferred": 0, "sibling_nr": 1, "id": 29}]}]}, {"label": "S", "color": 1, "tstamp": 0.4370410636000637, "dist": 0.0801370108949081, "transferred": 0, "sibling_nr": 1, "id": 5, "children": [{"label": "D", "color": [1, 3], "tstamp": 0.24706925679706504, "dist": 0.18997180680299863, "transferred": 0, "sibling_nr": 0, "id": 11, "children": [{"label": "D", "color": [1, 3], "tstamp": 0.18324808624757144, "dist": 0.0638211705494936, "transferred": 0, "sibling_nr": 0, "id": 17, "children": [{"label": "D", "color": [1, 3], "tstamp": 0.13364730743149042, "dist": 0.04960077881608102, "transferred": 0, "sibling_nr": 0, "id": 20, "children": [{"label": "*", "color": [1, 3], "tstamp": 0.07877978705400764, "dist": 0.054867520377482784, "transferred": 0, "sibling_nr": 0, "id": 23}, {"label": "S", "color": 3, "tstamp": 0.017983721732624133, "dist": 0.11566358569886628, "transferred": 0, "sibling_nr": 1, "id": 22, "children": [{"label": "S", "color": 4, "tstamp": 0.013807466966444925, "dist": 0.004176254766179208, "transferred": 0, "sibling_nr": 0, "id": 36, "children": [{"label": "S", "color": 7, "tstamp": 0.01303863860401549, "dist": 0.0007688283624294346, "transferred": 0, "sibling_nr": 0, "id": 53, "children": [{"label": "S", "color": 9, "tstamp": 0.012296831804666872, "dist": 0.0007418067993486179, "transferred": 0, "sibling_nr": 0, "id": 67, "children": [{"label": "S", "color": 10, "tstamp": 0.004300731501547227, "dist": 0.007996100303119646, "transferred": 0, "sibling_nr": 0, "id": 80, "children": [{"label": "S", "color": 13, "tstamp": 0.0017116782794041315, "dist": 0.0025890532221430956, "transferred": 0, "sibling_nr": 0, "id": 97, "children": [{"label": "S", "color": 14, "tstamp": 0.0011140154571316853, "dist": 0.0005976628222724462, "transferred": 0, "sibling_nr": 0, "id": 110, "children": [{"label": "S", "color": 17, "tstamp": 0.000237980311828436, "dist": 0.0008760351453032493, "transferred": 0, "sibling_nr": 0, "id": 125, "children": [{"label": "138", "color": 18, "tstamp": 0.0, "dist": 0.000237980311828436, "transferred": 0, "sibling_nr": 0, "id": 138}, {"label": "139", "color": 19, "tstamp": 0.0, "dist": 0.000237980311828436, "transferred": 0, "sibling_nr": 1, "id": 139}]}, {"label": "124", "color": 16, "tstamp": 0.0, "dist": 0.0011140154571316853, "transferred": 0, "sibling_nr": 1, "id": 124}]}, {"label": "111", "color": 15, "tstamp": 0.0,