{"label": "", "color": 0, "tstamp": 1.0, "dist": 0.0, "transferred": 0, "id": 0, "children": [{"label": "D", "color": [0, 1], "tstamp": 0.7047072714125768, "dist": 0.29529272858742317, "transferred": 0, "sibling_nr": 0, "id": 1, "children": [{"label": "D", "color": [0, 1], "tstamp": 0.6408526316900589, "dist": 0.06385463972251793, "transferred": 0, "sibling_nr": 0, "id": 3, "children": [{"label": "D", "color": [0, 1], "tstamp": 0.45011388881844183, "dist": 0.19073874287161707, "transferred": 0, "sibling_nr": 0, "id": 4, "children": [{"label": "D", "color": [0, 1], "tstamp": 0.18387180984988621, "dist": 0.2662420789685556, "transferred": 0, "sibling_nr": 0, "id": 8, "children": [{"label": "D", "color": [0, 1], "tstamp": 0.1575766597637423, "dist": 0.026295150086143915, "transferred": 0, "sibling_nr": 0, "id": 11, "children": [{"label": "S", "color": 1, "tstamp": 0.05232351214795128, "dist": 0.10525314761579102, "transferred": 0, "sibling_nr": 0, "id": 12, "children": [{"label": "S", "color": 2, "tstamp": 0.02405265675650898, "dist": 0.0282708553914423, "transferred": 0, "sibling_nr": 0, "id": 24, "children": [{"label": "S", "color": 5, "tstamp": 0.02264374193932119, "dist": 0.0014089148171877904, "transferred": 0, "sibling_nr": 0, "id": 39, "children": [{"label": "S", "color": 6, "tstamp": 0.02057993744251855, "dist": 0.0020638044968026396, "transferred": 0, "sibling_nr": 0, "id": 52, "children": [{"label": "S", "color": 9, "tstamp": 0.018350228790642978, "dist": 0.0022297086518755713, "transferred": 0, "sibling_nr": 0, "id": 67, "children": [{"label": "S", "color": 10, "tstamp": 0.012670587260959161, "dist": 0.005679641529683817, "transferred": 0, "sibling_nr": 0, "id": 80, "children": [{"label": "S", "color": 13, "tstamp": 0.003995244219492389, "dist": 0.008675343041466773, "transferred": 0, "sibling_nr": 0, "id": 95, "children": [{"label": "122", "color": 14, "tstamp": 0.0, "dist": 0.003995244219492389, "transferred": 0, "sibling_nr": 0, "id": 122}, {"label": "123", "color": 15, "tstamp": 0.0, "dist": 0.003995244219492389, "transferred": 0, "sibling_nr": 1, "id": 123}]}, {"label": "94", "color": 12, "tstamp": 0.0, "dist": 0.012670587260959161, "transferred": 0, "sibling_nr": 1, "id": 94}]}, {"label": "S", "color": 11, "tstamp": 0.004926791955509037, "dist": 0.013423436835133942, "transferred": 0, "sibling_nr": 1, "id": 81, "children": [{"label": "S", "color": 17, "tstamp": 0.00343813972207609, "dist": 0.001488652233432947, "transferred": 0, "sibling_nr": 0, "id": 109, "children": [{"label": "136", "color": 18, "tstamp": 0.0, "dist": 0.00343813972207609, "transferred": 0, "sibling_nr": 0, "id": 136}, {"label": "137", "color": 19, "tstamp": 0.0, "dist": 0.00343813972207609, "transferred": 0, "sibling_nr": 1, "id": 137}]}, {"label": "108", "color": 16, "tstamp": 0.0, "dist": 0.004926791955509037, "transferred": 0, "sibling_nr": 1, "id": 108}]}]}, {"label": "66", "color": 8, "tstamp": 0.0, "dist": 0.02057993744251855, "transferred": 0, "sibling_nr": 1, "id": 66}]}, {"label": "53", "color": 7, "tstamp": 0.0, "dist": 0.02264374193932119, "transferred": 0, "sibling_nr": 1, "id": 53}]}, {"label": "38", "color": 4, "tstamp": 0.0, "dist": 0.02405265675650898, "transferred": 0, "sibling_nr": 1, "id": 38}]}, {"label": "25", "color": 3, "tstamp": 0.0, "dist": 0.05232351214795128, "transferred": 0, "sibling_nr": 1, "id": 25}]}, {"label": "S", "color": 1, "tstamp": 0.05232351214795128, "dist": 0.10525314761579102, "transferred": 0, "sibling_nr": 1, "id": 13, "children": [{"label": "S", "color": 2, "tstamp": 0.02405265675650898, "dist": 0.0282708553914423, "transferred": 0, "sibling_nr": 0, "id": 26, "children": [{"label": "S", "color": 5, "tstamp": 0.02264374193932119, "dist": 0.0014089148171877904, "transferred": 0, "sibling_nr": 0, "id": 41, "children": [{"label": "S", "color": 6, "tstamp": 0.02057993744251855, "dist": 0.0020638044968026396, "transferred": 0, "sibling_nr": 0, "id": 54, "children": [{"label": "S", "color": 9, "tstamp": 0.018350228790642978, "dist": 0.0022297086518755713, "transferred": 0, "sibling_nr": 0, "id": 69, "children": [{"label": "S", "color": 10, "tstamp": 0.012670587260959161, "dist": 0.005679641529683817, "transferred": 0, "sibling_nr": 0, "id": 82, "children": [{"label": "S", "color": 13, "tstamp": 0.003995244219492389, "dist": 0.008675343041466773, "transferred": 0, "sibling_nr": 0, "id": 97, "children": [{"label": "124", "color": 14, "tstamp": 0.0, "dist": 0.003995244219492389, "transferred": 0, "sibling_nr": 0, "id": 124}, {"label": "125", "color": 15, "tstamp": 0.0, "dist": 0.003995244219492389, "transferred": 0, "sibling_nr": 1, "id": 125}]}, {"label": "96", "color": 12, "tstamp": 0.0, "dist": 0.012670587260959161, "transferred": 0, "sibling_nr": 1, "id": 96}]}, {"label": "S", "color": 11, "tstamp": 0.004926791955509037, "dist": 0.013423436835133942, "transferred": 0, "sibling_nr": 1, "id": 83, "children": [{"label": "S", "color": 17, "tstamp": 0.00343813972207609, "dist": 0.001488652233432947, "transferred": 0, "sibling_nr": 0, "id": 111, "children": [{"label": "138", "color": 18, "tstamp": 0.0, "dist": 0.00343813972207609, "transferred": 0, "sibling_nr": 0, "id": 138}, {"label": "139", "color": 19, "tstamp": 0.0, "dist": 0.00343813972207609, "transferred": 0, "sibling_nr": 1, "id": 139}]}, {"label": "110", "color": 16, "tstamp": 0.0, "dist": 0.004926791955509037, "transferred": 0, "sibling_nr": 1, "id": 110}]}]}, {"label": "68", "color": 8, "tstamp": 0.0, "dist": 0.02057993744251855, "transferred": 0, "sibling_nr": 1, "id": 68}]}, {"label": "55", "color": 7, "tstamp": 0.0, "dist": 0.02264374193932119, "transferred": 0, "sibling_nr": 1, "id": 55}]}, {"label": "40", "color": 4, "tstamp": 0.0, "dist": 0.02405265675650898, "transferred": 0, "sibling_nr": 1, "id": 40}]}, {"label": "27", "color": 3, "tstamp": 0.0, "dist": 0.05232351214795128, "transferred": 0, "sibling_nr": 1, "id": 27}]}]}, {"label": "S", "color": 1, "tstamp": 0.05232351214795128, "dist": 0.13154829770193494, "transferred": 0, "sibling_nr": 1, "id": 10, "children": [{"label": "S", "color": 2, "tstamp": 0.02405265675650898, "dist": 0.0282708553914423, "transferred": 0, "sibling_nr": 0, "id": 22, "children": [{"label": "S", "color": 5, "tstamp": 0.02264374193932119, "dist": 0.0014089148171877904, "transferred": 0, "sibling_nr": 0, "id": 37, "children": [{"label": "S", "color": 6, "tstamp": 0.02057993744251855, "dist": 0.0020638044968026396, "transferred": 0, "sibling_nr": 0, "id": 50, "children": [{"label": "S", "color": 9, "tstamp": 0.018350228790642978, "dist": 0.0022297086518755713, "transferred": 0, "sibling_nr": 0, "id": 65, "children": [{"label": "S", "color": 10, "tstamp": 0.012670587260959161, "dist": 0.005679641529683817, "transferred": 0, "sibling_nr": 0, "id": 78, "children": [{"label": "S", "color": 13, "tstamp": 0.003995244219492389, "dist": 0.008675343041466773, "transferred": 0, "sibling_nr": 0, "id": 93, "children": [{"label": "120", "color": 14, "tstamp": 0.0, "dist": 0.003995244219492389, "transferred": 0, "sibling_nr": 0, "id": 120}, {"label": "121", "color": 15, "tstamp": 0.0, "dist": 0.003995244219492389, "transferred": 0, "sibling_nr": 1, "id": 121}]}, {"label": "92", "color": 12, "tstamp": 0.0, "dist": 0.012670587260959161, "transferred": 0, "sibling_nr": 1, "id": 92}]}, {"label": "S", "color": 11, "tstamp": 0.004926791955509037, "dist": 0.013423436835133942, "transferred": 0, "sibling_nr": 1, "id": 79, "children": [{"label": "S", "color": 17, "tstamp": 0.00343813972207609, "dist": 0.001488652233432947, "transferred": 0, "sibling_nr": 0, "id": 107, "children": [{"label": "134", "color": 18, "tstamp": 0.0, "dist": 0.00343813972207609, "transferred": 0, "sibling_nr": 0, "id": 134}, {"label": "135", "color": 19, "tstamp": 0.0, "dist": 0.00343813972207609, "transferred": 0, "sibling_nr": 1, "id": 135}]}, {"label": "106", "color": 16, "tstamp": 0.0, "dist": 0.004926791955509037, "transferred": 0, "sibling_nr": 1, "id": 106}]}]}, {"label": "64",