{"label": "", "color": 0, "tstamp": 1.0, "dist": 0.0, "transferred": 0, "id": 0, "children": [{"label": "S", "color": 1, "tstamp": 0.9878559985705686, "dist": 0.012144001429431395, "transferred": 0, "sibling_nr": 0, "id": 1, "children": [{"label": "*", "color": [1, 2], "tstamp": 0.9245577112410391, "dist": 0.06329828732952947, "transferred": 0, "sibling_nr": 0, "id": 2}, {"label": "H", "color": [1, 3], "tstamp": 0.8995235604536272, "dist": 0.08833243811694136, "transferred": 0, "sibling_nr": 1, "id": 3, "children": [{"label": "H", "color": [1, 2], "tstamp": 0.8371985518487797, "dist": 0.062325008604847576, "transferred": 1, "sibling_nr": 0, "id": 5, "children": [{"label": "H", "color": [1, 2], "tstamp": 0.489659427042379, "dist": 0.34753912480640065, "transferred": 0, "sibling_nr": 0, "id": 6, "children": [{"label": "H", "color": [1, 2], "tstamp": 0.45926773843802343, "dist": 0.030391688604355593, "transferred": 0, "sibling_nr": 0, "id": 8, "children": [{"label": "S", "color": 3, "tstamp": 0.38454378242829895, "dist": 0.07472395600972448, "transferred": 1, "sibling_nr": 0, "id": 11, "children": [{"label": "S", "color": 5, "tstamp": 0.25740985713725006, "dist": 0.1271339252910489, "transferred": 0, "sibling_nr": 0, "id": 19, "children": [{"label": "D", "color": [5, 11], "tstamp": 0.11914464471786412, "dist": 0.13826521241938594, "transferred": 0, "sibling_nr": 0, "id": 29, "children": [{"label": "D", "color": [5, 11], "tstamp": 0.07333478646957406, "dist": 0.045809858248290064, "transferred": 0, "sibling_nr": 0, "id": 37, "children": [{"label": "S", "color": 11, "tstamp": 0.0652233435732704, "dist": 0.008111442896303653, "transferred": 0, "sibling_nr": 0, "id": 38, "children": [{"label": "D", "color": [11, 13], "tstamp": 0.030289439945449054, "dist": 0.03493390362782135, "transferred": 0, "sibling_nr": 0, "id": 51, "children": [{"label": "64", "color": 13, "tstamp": 0.0, "dist": 0.030289439945449054, "transferred": 0, "sibling_nr": 0, "id": 64}, {"label": "65", "color": 13, "tstamp": 0.0, "dist": 0.030289439945449054, "transferred": 0, "sibling_nr": 1, "id": 65}]}, {"label": "S", "color": 12, "tstamp": 0.00532355764593196, "dist": 0.059899785927338446, "transferred": 0, "sibling_nr": 1, "id": 50, "children": [{"label": "S", "color": 15, "tstamp": 0.0037847843469691767, "dist": 0.0015387732989627836, "transferred": 0, "sibling_nr": 0, "id": 85, "children": [{"label": "S", "color": 17, "tstamp": 0.0020238109305801785, "dist": 0.0017609734163889982, "transferred": 0, "sibling_nr": 0, "id": 101, "children": [{"label": "116", "color": 18, "tstamp": 0.0, "dist": 0.0020238109305801785, "transferred": 0, "sibling_nr": 0, "id": 116}, {"label": "117", "color": 19, "tstamp": 0.0, "dist": 0.0020238109305801785, "transferred": 0, "sibling_nr": 1, "id": 117}]}, {"label": "100", "color": 16, "tstamp": 0.0, "dist": 0.0037847843469691767, "transferred": 0, "sibling_nr": 1, "id": 100}]}, {"label": "84", "color": 14, "tstamp": 0.0, "dist": 0.00532355764593196, "transferred": 0, "sibling_nr": 1, "id": 84}]}]}, {"label": "S", "color": 11, "tstamp": 0.0652233435732704, "dist": 0.008111442896303653, "transferred": 0, "sibling_nr": 1, "id": 39, "children": [{"label": "S", "color": 12, "tstamp": 0.00532355764593196, "dist": 0.059899785927338446, "transferred": 0, "sibling_nr": 0, "id": 52, "children": [{"label": "S", "color": 15, "tstamp": 0.0037847843469691767, "dist": 0.0015387732989627836, "transferred": 0, "sibling_nr": 0, "id": 87, "children": [{"label": "S", "color": 17, "tstamp": 0.0020238109305801785, "dist": 0.0017609734163889982, "transferred": 0, "sibling_nr": 0, "id": 103, "children": [{"label": "118", "color": 18, "tstamp": 0.0, "dist": 0.0020238109305801785, "transferred": 0, "sibling_nr": 0, "id": 118}, {"label": "119", "color": 19, "tstamp": 0.0, "dist": 0.0020238109305801785, "transferred": 0, "sibling_nr": 1, "id": 119}]}, {"label": "102", "color": 16, "tstamp": 0.0, "dist": 0.0037847843469691767, "transferred": 0, "sibling_nr": 1, "id": 102}]}, {"label": "86", "color": 14, "tstamp": 0.0, "dist": 0.00532355764593196, "transferred": 0, "sibling_nr": 1, "id": 86}]}, {"label": "53", "color": 13, "tstamp": 0.0, "dist": 0.0652233435732704, "transferred": 0, "sibling_nr": 1, "id": 53}]}]}, {"label": "S", "color": 11, "tstamp": 0.0652233435732704, "dist": 0.05392130114459372, "transferred": 0, "sibling_nr": 1, "id": 36, "children": [{"label": "H", "color": [11, 13], "tstamp": 0.06361234566223557, "dist": 0.0016109979110348338, "transferred": 0, "sibling_nr": 0, "id": 49, "children": [{"label": "H", "color": [11, 12], "tstamp": 0.02790660502180071, "dist": 0.03570574064043486, "transferred": 1, "sibling_nr": 0, "id": 55, "children": [{"label": "S", "color": 12, "tstamp": 0.00532355764593196, "dist": 0.02258304737586875, "transferred": 0, "sibling_nr": 0, "id": 66, "children": [{"label": "S", "color": 15, "tstamp": 0.0037847843469691767, "dist": 0.0015387732989627836, "transferred": 0, "sibling_nr": 0, "id": 89, "children": [{"label": "S", "color": 17, "tstamp": 0.0020238109305801785, "dist": 0.0017609734163889982, "transferred": 0, "sibling_nr": 0, "id": 105, "children": [{"label": "120", "color": 18, "tstamp": 0.0, "dist": 0.0020238109305801785, "transferred": 0, "sibling_nr": 0, "id": 120}, {"label": "121", "color": 19, "tstamp": 0.0, "dist": 0.0020238109305801785, "transferred": 0, "sibling_nr": 1, "id": 121}]}, {"label": "104", "color": 16, "tstamp": 0.0, "dist": 0.0037847843469691767, "transferred": 0, "sibling_nr": 1, "id": 104}]}, {"label": "88", "color": 14, "tstamp": 0.0, "dist": 0.00532355764593196, "transferred": 0, "sibling_nr": 1, "id": 88}]}, {"label": "67", "color": 2, "tstamp": 0.0, "dist": 0.02790660502180071, "transferred": 1, "sibling_nr": 1, "id": 67}]}, {"label": "54", "color": 13, "tstamp": 0.0, "dist": 0.06361234566223557, "transferred": 0, "sibling_nr": 1, "id": 54}]}, {"label": "S", "color": 12, "tstamp": 0.00532355764593196, "dist": 0.059899785927338446, "transferred": 0, "sibling_nr": 1, "id": 48, "children": [{"label": "S", "color": 15, "tstamp": 0.0037847843469691767, "dist": 0.0015387732989627836, "transferred": 0, "sibling_nr": 0, "id": 83, "children": [{"label": "S", "color": 17, "tstamp": 0.0020238109305801785, "dist": 0.0017609734163889982, "transferred": 0, "sibling_nr": 0, "id": 99, "children": [{"label": "114", "color": 18, "tstamp": 0.0, "dist": 0.0020238109305801785, "transferred": 0, "sibling_nr": 0, "id": 114}, {"label": "115", "color": 19, "tstamp": 0.0, "dist": 0.0020238109305801785, "transferred": 0, "sibling_nr": 1, "id": 115}]}, {"label": "98", "color": 16, "tstamp": 0.0, "dist": 0.0037847843469691767, "transferred": 0, "sibling_nr": 1, "id": 98}]}, {"label": "82", "color": 14, "tstamp": 0.0, "dist": 0.00532355764593196, "transferred": 0, "sibling_nr": 1, "id": 82}]}]}]}, {"label": "28", "color": 10, "tstamp": 0.0, "dist": 0.25740985713725006, "transferred": 0, "sibling_nr": 1, "id": 28}]}, {"label": "S", "color": 4, "tstamp": 0.04017286690877362, "dist": 0.3443709155195253, "transferred": 0, "sibling_nr": 1, "id": 18, "children": [{"label": "S", "color": 6, "tstamp": 0.011828355522874246, "dist": 0.028344511385899374, "transferred": 0, "sibling_nr": 0, "id": 56, "children": [{"label": "68", "color": 8, "tstamp": 0.0, "dist": 0.011828355522874246, "transferred": 0, "sibling_nr": 0, "id": 68}, {"label": "69", "color": 9, "tstamp": 0.0, "dist": 0.011828355522874246, "transferred": 0, "sibling_nr": 1, "id": 69}]}, {"label": "57", "color": 7, "tstamp": 0.0, "dist": 0.04017286690877362, "transferred": 0, "sibling_nr": 1, "id": 57}]}]}, {"label": "10", "color": 2, "tstamp": 0.0, "dist": 0.45926773843802343, "transferred": 0, "sibling_nr": 1, "id": 10}]}, {"label": "S", "color": 3, "tstamp": 0.38454378242829895, "dist": 0.10511564461408007, "transferred": 1, "sibling_nr": 1, "id": 9, "children": [{"label": "*", "color": [3, 4], "tstamp": 0.29203817977839436, "dist": 0.0925056026499046, "transferred": 0, "sibling_nr": 0,