{"label": "", "color": 0, "tstamp": 1.0, "dist": 0.0, "transferred": 0, "id": 0, "children": [{"label": "D", "color": [0, 1], "tstamp": 0.8011815820196141, "dist": 0.1988184179803859, "transferred": 0, "sibling_nr": 0, "id": 1, "children": [{"label": "S", "color": 1, "tstamp": 0.7093320662082208, "dist": 0.09184951581139333, "transferred": 0, "sibling_nr": 0, "id": 2, "children": [{"label": "H", "color": [1, 2], "tstamp": 0.5309467617713926, "dist": 0.1783853044368282, "transferred": 0, "sibling_nr": 0, "id": 4, "children": [{"label": "D", "color": [1, 3], "tstamp": 0.21549698988355, "dist": 0.3154497718878425, "transferred": 1, "sibling_nr": 0, "id": 9, "children": [{"label": "H", "color": [1, 3], "tstamp": 0.20195653898478003, "dist": 0.013540450898769985, "transferred": 0, "sibling_nr": 0, "id": 19, "children": [{"label": "S", "color": 2, "tstamp": 0.06003669053360254, "dist": 0.1419198484511775, "transferred": 1, "sibling_nr": 0, "id": 21, "children": [{"label": "S", "color": 5, "tstamp": 0.035365644476474445, "dist": 0.024671046057128096, "transferred": 0, "sibling_nr": 0, "id": 31, "children": [{"label": "S", "color": 6, "tstamp": 0.027464660559315325, "dist": 0.00790098391715912, "transferred": 0, "sibling_nr": 0, "id": 44, "children": [{"label": "S", "color": 9, "tstamp": 0.0023593546765168128, "dist": 0.025105305882798513, "transferred": 0, "sibling_nr": 0, "id": 57, "children": [{"label": "S", "color": 10, "tstamp": 0.00220027635101571, "dist": 0.00015907832550110263, "transferred": 0, "sibling_nr": 0, "id": 68, "children": [{"label": "S", "color": 13, "tstamp": 0.0015572545842025092, "dist": 0.000643021766813201, "transferred": 0, "sibling_nr": 0, "id": 81, "children": [{"label": "S", "color": 15, "tstamp": 0.0011651625090575465, "dist": 0.00039209207514496265, "transferred": 0, "sibling_nr": 0, "id": 93, "children": [{"label": "S", "color": 17, "tstamp": 2.0907964099775113e-05, "dist": 0.0011442545449577713, "transferred": 0, "sibling_nr": 0, "id": 105, "children": [{"label": "116", "color": 18, "tstamp": 0.0, "dist": 2.0907964099775113e-05, "transferred": 0, "sibling_nr": 0, "id": 116}, {"label": "117", "color": 19, "tstamp": 0.0, "dist": 2.0907964099775113e-05, "transferred": 0, "sibling_nr": 1, "id": 117}]}, {"label": "104", "color": 16, "tstamp": 0.0, "dist": 0.0011651625090575465, "transferred": 0, "sibling_nr": 1, "id": 104}]}, {"label": "92", "color": 14, "tstamp": 0.0, "dist": 0.0015572545842025092, "transferred": 0, "sibling_nr": 1, "id": 92}]}, {"label": "80", "color": 12, "tstamp": 0.0, "dist": 0.00220027635101571, "transferred": 0, "sibling_nr": 1, "id": 80}]}, {"label": "69", "color": 11, "tstamp": 0.0, "dist": 0.0023593546765168128, "transferred": 0, "sibling_nr": 1, "id": 69}]}, {"label": "56", "color": 8, "tstamp": 0.0, "dist": 0.027464660559315325, "transferred": 0, "sibling_nr": 1, "id": 56}]}, {"label": "45", "color": 7, "tstamp": 0.0, "dist": 0.035365644476474445, "transferred": 0, "sibling_nr": 1, "id": 45}]}, {"label": "30", "color": 4, "tstamp": 0.0, "dist": 0.06003669053360254, "transferred": 0, "sibling_nr": 1, "id": 30}]}, {"label": "20", "color": 3, "tstamp": 0.0, "dist": 0.20195653898478003, "transferred": 0, "sibling_nr": 1, "id": 20}]}, {"label": "18", "color": 3, "tstamp": 0.0, "dist": 0.21549698988355, "transferred": 0, "sibling_nr": 1, "id": 18}]}, {"label": "S", "color": 2, "tstamp": 0.06003669053360254, "dist": 0.47091007123779, "transferred": 0, "sibling_nr": 1, "id": 8, "children": [{"label": "S", "color": 5, "tstamp": 0.035365644476474445, "dist": 0.024671046057128096, "transferred": 0, "sibling_nr": 0, "id": 27, "children": [{"label": "S", "color": 6, "tstamp": 0.027464660559315325, "dist": 0.00790098391715912, "transferred": 0, "sibling_nr": 0, "id": 40, "children": [{"label": "S", "color": 9, "tstamp": 0.0023593546765168128, "dist": 0.025105305882798513, "transferred": 0, "sibling_nr": 0, "id": 53, "children": [{"label": "S", "color": 10, "tstamp": 0.00220027635101571, "dist": 0.00015907832550110263, "transferred": 0, "sibling_nr": 0, "id": 64, "children": [{"label": "S", "color": 13, "tstamp": 0.0015572545842025092, "dist": 0.000643021766813201, "transferred": 0, "sibling_nr": 0, "id": 77, "children": [{"label": "S", "color": 15, "tstamp": 0.0011651625090575465, "dist": 0.00039209207514496265, "transferred": 0, "sibling_nr": 0, "id": 89, "children": [{"label": "S", "color": 17, "tstamp": 2.0907964099775113e-05, "dist": 0.0011442545449577713, "transferred": 0, "sibling_nr": 0, "id": 101, "children": [{"label": "112", "color": 18, "tstamp": 0.0, "dist": 2.0907964099775113e-05, "transferred": 0, "sibling_nr": 0, "id": 112}, {"label": "113", "color": 19, "tstamp": 0.0, "dist": 2.0907964099775113e-05, "transferred": 0, "sibling_nr": 1, "id": 113}]}, {"label": "100", "color": 16, "tstamp": 0.0, "dist": 0.0011651625090575465, "transferred": 0, "sibling_nr": 1, "id": 100}]}, {"label": "88", "color": 14, "tstamp": 0.0, "dist": 0.0015572545842025092, "transferred": 0, "sibling_nr": 1, "id": 88}]}, {"label": "76", "color": 12, "tstamp": 0.0, "dist": 0.00220027635101571, "transferred": 0, "sibling_nr": 1, "id": 76}]}, {"label": "65", "color": 11, "tstamp": 0.0, "dist": 0.0023593546765168128, "transferred": 0, "sibling_nr": 1, "id": 65}]}, {"label": "52", "color": 8, "tstamp": 0.0, "dist": 0.027464660559315325, "transferred": 0, "sibling_nr": 1, "id": 52}]}, {"label": "41", "color": 7, "tstamp": 0.0, "dist": 0.035365644476474445, "transferred": 0, "sibling_nr": 1, "id": 41}]}, {"label": "26", "color": 4, "tstamp": 0.0, "dist": 0.06003669053360254, "transferred": 0, "sibling_nr": 1, "id": 26}]}]}, {"label": "D", "color": [1, 3], "tstamp": 0.26027018824852305, "dist": 0.4490618779596977, "transferred": 0, "sibling_nr": 1, "id": 5, "children": [{"label": "H", "color": [1, 3], "tstamp": 0.04005961246521979, "dist": 0.22021057578330328, "transferred": 0, "sibling_nr": 0, "id": 16, "children": [{"label": "37", "color": 4, "tstamp": 0.0, "dist": 0.04005961246521979, "transferred": 1, "sibling_nr": 0, "id": 37}, {"label": "36", "color": 3, "tstamp": 0.0, "dist": 0.04005961246521979, "transferred": 0, "sibling_nr": 1, "id": 36}]}, {"label": "17", "color": 3, "tstamp": 0.0, "dist": 0.26027018824852305, "transferred": 0, "sibling_nr": 1, "id": 17}]}]}, {"label": "S", "color": 1, "tstamp": 0.7093320662082208, "dist": 0.09184951581139333, "transferred": 0, "sibling_nr": 1, "id": 3, "children": [{"label": "H", "color": [1, 3], "tstamp": 0.49107236220841843, "dist": 0.21825970399980232, "transferred": 0, "sibling_nr": 0, "id": 7, "children": [{"label": "H", "color": [1, 2], "tstamp": 0.29918199087529057, "dist": 0.19189037133312786, "transferred": 1, "sibling_nr": 0, "id": 11, "children": [{"label": "D", "color": [1, 2], "tstamp": 0.2651657364195576, "dist": 0.034016254455732975, "transferred": 0, "sibling_nr": 0, "id": 12, "children": [{"label": "D", "color": [1, 2], "tstamp": 0.07462856523736808, "dist": 0.19053717118218952, "transferred": 0, "sibling_nr": 0, "id": 14, "children": [{"label": "S", "color": 2, "tstamp": 0.06003669053360254, "dist": 0.014591874703765537, "transferred": 0, "sibling_nr": 0, "id": 22, "children": [{"label": "S", "color": 5, "tstamp": 0.035365644476474445, "dist": 0.024671046057128096, "transferred": 0, "sibling_nr": 0, "id": 33, "children": [{"label": "S", "color": 6, "tstamp": 0.027464660559315325, "dist": 0.00790098391715912, "transferred": 0, "sibling_nr": 0, "id": 46, "children": [{"label": "S", "color": 9, "tstamp": 0.0023593546765168128, "dist": 0.025105305882798513, "transferred": 0, "sibling_nr": 0, "id": 59, "children": [{"label": "S", "color": 10, "tstamp": 0.00220027635101571, "dist": 0.00015907832550110263, "transferred": 0, "sibling_nr": 0, "id": 70, "children": [{"label": "S", "color": 13, "tstamp": 0.0015572545842025092, "dist": 0.000643021766813201, "transferred": 0, "sibling_nr": 0, "id": 83, "children": [{"label": "S", "color": 15, "tstamp": 0.0011651625090575465,