{"label": "", "color": 0, "tstamp": 1.0, "dist": 0.0, "transferred": 0, "id": 0, "children": [{"label": "D", "color": [0, 1], "tstamp": 0.6881148250032316, "dist": 0.3118851749967684, "transferred": 0, "sibling_nr": 0, "id": 1, "children": [{"label": "S", "color": 1, "tstamp": 0.6165593251484227, "dist": 0.07155549985480891, "transferred": 0, "sibling_nr": 0, "id": 2, "children": [{"label": "D", "color": [1, 2], "tstamp": 0.5575323467960206, "dist": 0.059026978352402115, "transferred": 0, "sibling_nr": 0, "id": 4, "children": [{"label": "D", "color": [1, 2], "tstamp": 0.4262486905301803, "dist": 0.13128365626584032, "transferred": 0, "sibling_nr": 0, "id": 9, "children": [{"label": "H", "color": [1, 2], "tstamp": 0.3133612492073735, "dist": 0.11288744132280676, "transferred": 0, "sibling_nr": 0, "id": 10, "children": [{"label": "H", "color": [3, 5], "tstamp": 0.29377753855203187, "dist": 0.019583710655341646, "transferred": 1, "sibling_nr": 0, "id": 17, "children": [{"label": "S", "color": 4, "tstamp": 0.1357324397325359, "dist": 0.15804509881949597, "transferred": 1, "sibling_nr": 0, "id": 19, "children": [{"label": "D", "color": [4, 7], "tstamp": 0.058573640811771084, "dist": 0.07715879892076483, "transferred": 0, "sibling_nr": 0, "id": 31, "children": [{"label": "S", "color": 7, "tstamp": 0.057389246078506026, "dist": 0.0011843947332650581, "transferred": 0, "sibling_nr": 0, "id": 40, "children": [{"label": "S", "color": 9, "tstamp": 0.05001187941004358, "dist": 0.007377366668462448, "transferred": 0, "sibling_nr": 0, "id": 55, "children": [{"label": "S", "color": 11, "tstamp": 0.045486546501295, "dist": 0.004525332908748576, "transferred": 0, "sibling_nr": 0, "id": 79, "children": [{"label": "S", "color": 15, "tstamp": 0.004568354997160568, "dist": 0.040918191504134435, "transferred": 0, "sibling_nr": 0, "id": 95, "children": [{"label": "S", "color": 17, "tstamp": 0.0024628314858703205, "dist": 0.0021055235112902473, "transferred": 0, "sibling_nr": 0, "id": 113, "children": [{"label": "128", "color": 18, "tstamp": 0.0, "dist": 0.0024628314858703205, "transferred": 0, "sibling_nr": 0, "id": 128}, {"label": "129", "color": 19, "tstamp": 0.0, "dist": 0.0024628314858703205, "transferred": 0, "sibling_nr": 1, "id": 129}]}, {"label": "112", "color": 16, "tstamp": 0.0, "dist": 0.004568354997160568, "transferred": 0, "sibling_nr": 1, "id": 112}]}, {"label": "94", "color": 14, "tstamp": 0.0, "dist": 0.045486546501295, "transferred": 0, "sibling_nr": 1, "id": 94}]}, {"label": "78", "color": 10, "tstamp": 0.0, "dist": 0.05001187941004358, "transferred": 0, "sibling_nr": 1, "id": 78}]}, {"label": "54", "color": 8, "tstamp": 0.0, "dist": 0.057389246078506026, "transferred": 0, "sibling_nr": 1, "id": 54}]}, {"label": "S", "color": 7, "tstamp": 0.057389246078506026, "dist": 0.0011843947332650581, "transferred": 0, "sibling_nr": 1, "id": 41, "children": [{"label": "S", "color": 9, "tstamp": 0.05001187941004358, "dist": 0.007377366668462448, "transferred": 0, "sibling_nr": 0, "id": 57, "children": [{"label": "S", "color": 11, "tstamp": 0.045486546501295, "dist": 0.004525332908748576, "transferred": 0, "sibling_nr": 0, "id": 81, "children": [{"label": "H", "color": [11, 14], "tstamp": 0.007429648472312096, "dist": 0.038056898028982905, "transferred": 0, "sibling_nr": 0, "id": 96, "children": [{"label": "101", "color": 13, "tstamp": 0.0, "dist": 0.007429648472312096, "transferred": 1, "sibling_nr": 0, "id": 101}, {"label": "100", "color": 14, "tstamp": 0.0, "dist": 0.007429648472312096, "transferred": 0, "sibling_nr": 1, "id": 100}]}, {"label": "S", "color": 15, "tstamp": 0.004568354997160568, "dist": 0.040918191504134435, "transferred": 0, "sibling_nr": 1, "id": 97, "children": [{"label": "S", "color": 17, "tstamp": 0.0024628314858703205, "dist": 0.0021055235112902473, "transferred": 0, "sibling_nr": 0, "id": 115, "children": [{"label": "130", "color": 18, "tstamp": 0.0, "dist": 0.0024628314858703205, "transferred": 0, "sibling_nr": 0, "id": 130}, {"label": "131", "color": 19, "tstamp": 0.0, "dist": 0.0024628314858703205, "transferred": 0, "sibling_nr": 1, "id": 131}]}, {"label": "114", "color": 16, "tstamp": 0.0, "dist": 0.004568354997160568, "transferred": 0, "sibling_nr": 1, "id": 114}]}]}, {"label": "80", "color": 10, "tstamp": 0.0, "dist": 0.05001187941004358, "transferred": 0, "sibling_nr": 1, "id": 80}]}, {"label": "56", "color": 8, "tstamp": 0.0, "dist": 0.057389246078506026, "transferred": 0, "sibling_nr": 1, "id": 56}]}]}, {"label": "S", "color": 6, "tstamp": 0.056518383497951304, "dist": 0.0792140562345846, "transferred": 0, "sibling_nr": 1, "id": 30, "children": [{"label": "60", "color": 12, "tstamp": 0.0, "dist": 0.056518383497951304, "transferred": 0, "sibling_nr": 0, "id": 60}, {"label": "61", "color": 13, "tstamp": 0.0, "dist": 0.056518383497951304, "transferred": 0, "sibling_nr": 1, "id": 61}]}]}, {"label": "18", "color": 5, "tstamp": 0.0, "dist": 0.29377753855203187, "transferred": 0, "sibling_nr": 1, "id": 18}]}, {"label": "*", "color": [1, 2], "tstamp": 0.24916802353748796, "dist": 0.06419322566988556, "transferred": 0, "sibling_nr": 1, "id": 16}]}, {"label": "H", "color": [1, 2], "tstamp": 0.2412158891430831, "dist": 0.18503280138709718, "transferred": 0, "sibling_nr": 1, "id": 11, "children": [{"label": "S", "color": 4, "tstamp": 0.1357324397325359, "dist": 0.10548344941054719, "transferred": 1, "sibling_nr": 0, "id": 23, "children": [{"label": "S", "color": 7, "tstamp": 0.057389246078506026, "dist": 0.07834319365402988, "transferred": 0, "sibling_nr": 0, "id": 33, "children": [{"label": "S", "color": 9, "tstamp": 0.05001187941004358, "dist": 0.007377366668462448, "transferred": 0, "sibling_nr": 0, "id": 47, "children": [{"label": "*", "color": [9, 10], "tstamp": 0.049053700487131646, "dist": 0.0009581789229119314, "transferred": 0, "sibling_nr": 0, "id": 70}, {"label": "S", "color": 11, "tstamp": 0.045486546501295, "dist": 0.004525332908748576, "transferred": 0, "sibling_nr": 1, "id": 71, "children": [{"label": "S", "color": 15, "tstamp": 0.004568354997160568, "dist": 0.040918191504134435, "transferred": 0, "sibling_nr": 0, "id": 87, "children": [{"label": "S", "color": 17, "tstamp": 0.0024628314858703205, "dist": 0.0021055235112902473, "transferred": 0, "sibling_nr": 0, "id": 107, "children": [{"label": "122", "color": 18, "tstamp": 0.0, "dist": 0.0024628314858703205, "transferred": 0, "sibling_nr": 0, "id": 122}, {"label": "123", "color": 19, "tstamp": 0.0, "dist": 0.0024628314858703205, "transferred": 0, "sibling_nr": 1, "id": 123}]}, {"label": "106", "color": 16, "tstamp": 0.0, "dist": 0.004568354997160568, "transferred": 0, "sibling_nr": 1, "id": 106}]}, {"label": "86", "color": 14, "tstamp": 0.0, "dist": 0.045486546501295, "transferred": 0, "sibling_nr": 1, "id": 86}]}]}, {"label": "46", "color": 8, "tstamp": 0.0, "dist": 0.057389246078506026, "transferred": 0, "sibling_nr": 1, "id": 46}]}, {"label": "S", "color": 6, "tstamp": 0.056518383497951304, "dist": 0.0792140562345846, "transferred": 0, "sibling_nr": 1, "id": 32, "children": [{"label": "62", "color": 12, "tstamp": 0.0, "dist": 0.056518383497951304, "transferred": 0, "sibling_nr": 0, "id": 62}, {"label": "63", "color": 13, "tstamp": 0.0, "dist": 0.056518383497951304, "transferred": 0, "sibling_nr": 1, "id": 63}]}]}, {"label": "22", "color": 2, "tstamp": 0.0, "dist": 0.2412158891430831, "transferred": 0, "sibling_nr": 1, "id": 22}]}]}, {"label": "*", "color": [1, 2], "tstamp": 0.41128816054569706, "dist": 0.14624418625032354, "transferred": 0, "sibling_nr": 1, "id": 8}]}, {"label": "S", "color": 3, "tstamp": 0.3611430310809523, "dist": 0.2554162940674704, "transferred": 0, "sibling_nr": 1, "id": 5, "children": [{"label": "H", "color": [3, 5], "tstamp": 0.27850913862219856, "dist": 0.08263389245875374, "transferred": 0, "sibling_nr": 0, "id": 13, "children": [{"label": "D", "color": [3, 4], "tstamp": 0.1989572993743793, "dist": 0.07955183924781925, "transferred": 1,