{"label": "", "color": 0, "tstamp": 1.0, "dist": 0.0, "transferred": 0, "id": 0, "children": [{"label": "S", "color": 1, "tstamp": 0.7324679531165684, "dist": 0.2675320468834316, "transferred": 0, "sibling_nr": 0, "id": 1, "children": [{"label": "H", "color": [1, 2], "tstamp": 0.7169642574019887, "dist": 0.015503695714579768, "transferred": 0, "sibling_nr": 0, "id": 2, "children": [{"label": "H", "color": [1, 2], "tstamp": 0.4387984942130001, "dist": 0.27816576318898856, "transferred": 0, "sibling_nr": 0, "id": 4, "children": [{"label": "H", "color": [1, 2], "tstamp": 0.35890782709737845, "dist": 0.07989066711562165, "transferred": 0, "sibling_nr": 0, "id": 6, "children": [{"label": "H", "color": [1, 3], "tstamp": 0.15806365709650338, "dist": 0.20084417000087507, "transferred": 1, "sibling_nr": 0, "id": 9, "children": [{"label": "S", "color": 3, "tstamp": 0.11555797393167173, "dist": 0.04250568316483165, "transferred": 0, "sibling_nr": 0, "id": 12, "children": [{"label": "S", "color": 5, "tstamp": 0.048863566924310965, "dist": 0.06669440700736076, "transferred": 0, "sibling_nr": 0, "id": 23, "children": [{"label": "D", "color": [5, 7], "tstamp": 0.04348566077326767, "dist": 0.005377906151043298, "transferred": 0, "sibling_nr": 0, "id": 33, "children": [{"label": "S", "color": 7, "tstamp": 0.03848106998605134, "dist": 0.00500459078721633, "transferred": 0, "sibling_nr": 0, "id": 38, "children": [{"label": "S", "color": 8, "tstamp": 0.026575441756968122, "dist": 0.011905628229083216, "transferred": 0, "sibling_nr": 0, "id": 50, "children": [{"label": "S", "color": 11, "tstamp": 0.018943001317671015, "dist": 0.007632440439297106, "transferred": 0, "sibling_nr": 0, "id": 65, "children": [{"label": "S", "color": 13, "tstamp": 0.01582072435649413, "dist": 0.003122276961176885, "transferred": 0, "sibling_nr": 0, "id": 93, "children": [{"label": "*", "color": [13, 16], "tstamp": 0.009530373361286522, "dist": 0.006290350995207609, "transferred": 0, "sibling_nr": 0, "id": 106}, {"label": "107", "color": 17, "tstamp": 0.0, "dist": 0.01582072435649413, "transferred": 0, "sibling_nr": 1, "id": 107}]}, {"label": "S", "color": 12, "tstamp": 0.006683197409571223, "dist": 0.012259803908099793, "transferred": 0, "sibling_nr": 1, "id": 92, "children": [{"label": "120", "color": 14, "tstamp": 0.0, "dist": 0.006683197409571223, "transferred": 0, "sibling_nr": 0, "id": 120}, {"label": "121", "color": 15, "tstamp": 0.0, "dist": 0.006683197409571223, "transferred": 0, "sibling_nr": 1, "id": 121}]}]}, {"label": "64", "color": 10, "tstamp": 0.0, "dist": 0.026575441756968122, "transferred": 0, "sibling_nr": 1, "id": 64}]}, {"label": "S", "color": 9, "tstamp": 0.025936171243677628, "dist": 0.01254489874237371, "transferred": 0, "sibling_nr": 1, "id": 51, "children": [{"label": "78", "color": 18, "tstamp": 0.0, "dist": 0.025936171243677628, "transferred": 0, "sibling_nr": 0, "id": 78}, {"label": "79", "color": 19, "tstamp": 0.0, "dist": 0.025936171243677628, "transferred": 0, "sibling_nr": 1, "id": 79}]}]}, {"label": "S", "color": 7, "tstamp": 0.03848106998605134, "dist": 0.00500459078721633, "transferred": 0, "sibling_nr": 1, "id": 39, "children": [{"label": "S", "color": 8, "tstamp": 0.026575441756968122, "dist": 0.011905628229083216, "transferred": 0, "sibling_nr": 0, "id": 52, "children": [{"label": "S", "color": 11, "tstamp": 0.018943001317671015, "dist": 0.007632440439297106, "transferred": 0, "sibling_nr": 0, "id": 67, "children": [{"label": "S", "color": 13, "tstamp": 0.01582072435649413, "dist": 0.003122276961176885, "transferred": 0, "sibling_nr": 0, "id": 95, "children": [{"label": "108", "color": 16, "tstamp": 0.0, "dist": 0.01582072435649413, "transferred": 0, "sibling_nr": 0, "id": 108}, {"label": "109", "color": 17, "tstamp": 0.0, "dist": 0.01582072435649413, "transferred": 0, "sibling_nr": 1, "id": 109}]}, {"label": "S", "color": 12, "tstamp": 0.006683197409571223, "dist": 0.012259803908099793, "transferred": 0, "sibling_nr": 1, "id": 94, "children": [{"label": "122", "color": 14, "tstamp": 0.0, "dist": 0.006683197409571223, "transferred": 0, "sibling_nr": 0, "id": 122}, {"label": "123", "color": 15, "tstamp": 0.0, "dist": 0.006683197409571223, "transferred": 0, "sibling_nr": 1, "id": 123}]}]}, {"label": "66", "color": 10, "tstamp": 0.0, "dist": 0.026575441756968122, "transferred": 0, "sibling_nr": 1, "id": 66}]}, {"label": "S", "color": 9, "tstamp": 0.025936171243677628, "dist": 0.01254489874237371, "transferred": 0, "sibling_nr": 1, "id": 53, "children": [{"label": "80", "color": 18, "tstamp": 0.0, "dist": 0.025936171243677628, "transferred": 0, "sibling_nr": 0, "id": 80}, {"label": "81", "color": 19, "tstamp": 0.0, "dist": 0.025936171243677628, "transferred": 0, "sibling_nr": 1, "id": 81}]}]}]}, {"label": "32", "color": 6, "tstamp": 0.0, "dist": 0.048863566924310965, "transferred": 0, "sibling_nr": 1, "id": 32}]}, {"label": "22", "color": 4, "tstamp": 0.0, "dist": 0.11555797393167173, "transferred": 0, "sibling_nr": 1, "id": 22}]}, {"label": "13", "color": 2, "tstamp": 0.0, "dist": 0.15806365709650338, "transferred": 1, "sibling_nr": 1, "id": 13}]}, {"label": "8", "color": 2, "tstamp": 0.0, "dist": 0.35890782709737845, "transferred": 0, "sibling_nr": 1, "id": 8}]}, {"label": "S", "color": 3, "tstamp": 0.11555797393167173, "dist": 0.3232405202813284, "transferred": 1, "sibling_nr": 1, "id": 7, "children": [{"label": "S", "color": 5, "tstamp": 0.048863566924310965, "dist": 0.06669440700736076, "transferred": 0, "sibling_nr": 0, "id": 17, "children": [{"label": "S", "color": 7, "tstamp": 0.03848106998605134, "dist": 0.010382496938259628, "transferred": 0, "sibling_nr": 0, "id": 29, "children": [{"label": "S", "color": 8, "tstamp": 0.026575441756968122, "dist": 0.011905628229083216, "transferred": 0, "sibling_nr": 0, "id": 42, "children": [{"label": "S", "color": 11, "tstamp": 0.018943001317671015, "dist": 0.007632440439297106, "transferred": 0, "sibling_nr": 0, "id": 57, "children": [{"label": "S", "color": 13, "tstamp": 0.01582072435649413, "dist": 0.003122276961176885, "transferred": 0, "sibling_nr": 0, "id": 85, "children": [{"label": "98", "color": 16, "tstamp": 0.0, "dist": 0.01582072435649413, "transferred": 0, "sibling_nr": 0, "id": 98}, {"label": "99", "color": 17, "tstamp": 0.0, "dist": 0.01582072435649413, "transferred": 0, "sibling_nr": 1, "id": 99}]}, {"label": "S", "color": 12, "tstamp": 0.006683197409571223, "dist": 0.012259803908099793, "transferred": 0, "sibling_nr": 1, "id": 84, "children": [{"label": "112", "color": 14, "tstamp": 0.0, "dist": 0.006683197409571223, "transferred": 0, "sibling_nr": 0, "id": 112}, {"label": "113", "color": 15, "tstamp": 0.0, "dist": 0.006683197409571223, "transferred": 0, "sibling_nr": 1, "id": 113}]}]}, {"label": "56", "color": 10, "tstamp": 0.0, "dist": 0.026575441756968122, "transferred": 0, "sibling_nr": 1, "id": 56}]}, {"label": "S", "color": 9, "tstamp": 0.025936171243677628, "dist": 0.01254489874237371, "transferred": 0, "sibling_nr": 1, "id": 43, "children": [{"label": "70", "color": 18, "tstamp": 0.0, "dist": 0.025936171243677628, "transferred": 0, "sibling_nr": 0, "id": 70}, {"label": "71", "color": 19, "tstamp": 0.0, "dist": 0.025936171243677628, "transferred": 0, "sibling_nr": 1, "id": 71}]}]}, {"label": "28", "color": 6, "tstamp": 0.0, "dist": 0.048863566924310965, "transferred": 0, "sibling_nr": 1, "id": 28}]}, {"label": "16", "color": 4, "tstamp": 0.0, "dist": 0.11555797393167173, "transferred": 0, "sibling_nr": 1, "id": 16}]}]}, {"label": "S", "color": 3, "tstamp": 0.11555797393167173, "dist": 0.6014062834703169, "transferred": 1, "sibling_nr": 1, "id": 5, "children": [{"label": "S", "color": 5, "tstamp": 0.048863566924310965, "dist": 0.06669440700736076, "transferred": 0, "sibling_nr": 0, "id": 15, "children": [{"label": "S", "color": 7, "tstamp": 0.03848106998605134, "dist": 0.010382496938259628, "transferred": 0, "sibling_nr": 0, "id": 27, "children": [{"label": "S", "color": 8,