{"label": "", "color": 0, "tstamp": 1.0, "dist": 0.0, "transferred": 0, "id": 0, "children": [{"label": "S", "color": 1, "tstamp": 0.7622455143520263, "dist": 0.23775448564797375, "transferred": 0, "sibling_nr": 0, "id": 1, "children": [{"label": "D", "color": [1, 2], "tstamp": 0.760582533788458, "dist": 0.0016629805635682837, "transferred": 0, "sibling_nr": 0, "id": 2, "children": [{"label": "D", "color": [1, 2], "tstamp": 0.7158130880386933, "dist": 0.044769445749764714, "transferred": 0, "sibling_nr": 0, "id": 5, "children": [{"label": "*", "color": [1, 2], "tstamp": 0.5273045309566408, "dist": 0.1885085570820525, "transferred": 0, "sibling_nr": 0, "id": 9}, {"label": "H", "color": [1, 2], "tstamp": 0.3326036183115728, "dist": 0.38320946972712044, "transferred": 0, "sibling_nr": 1, "id": 8, "children": [{"label": "D", "color": [1, 2], "tstamp": 0.33170660256024936, "dist": 0.0008970157513234489, "transferred": 0, "sibling_nr": 0, "id": 16, "children": [{"label": "D", "color": [1, 2], "tstamp": 0.16598863878050185, "dist": 0.1657179637797475, "transferred": 0, "sibling_nr": 0, "id": 18, "children": [{"label": "S", "color": 2, "tstamp": 0.14682259294033073, "dist": 0.01916604584017112, "transferred": 0, "sibling_nr": 0, "id": 22, "children": [{"label": "S", "color": 5, "tstamp": 0.14021488470584662, "dist": 0.0066077082344841165, "transferred": 0, "sibling_nr": 0, "id": 31, "children": [{"label": "S", "color": 7, "tstamp": 0.06642884874129348, "dist": 0.07378603596455313, "transferred": 0, "sibling_nr": 0, "id": 43, "children": [{"label": "S", "color": 9, "tstamp": 0.05155087383992577, "dist": 0.014877974901367712, "transferred": 0, "sibling_nr": 0, "id": 59, "children": [{"label": "S", "color": 10, "tstamp": 0.019386038553100064, "dist": 0.032164835286825705, "transferred": 0, "sibling_nr": 0, "id": 72, "children": [{"label": "S", "color": 15, "tstamp": 0.011843639567407003, "dist": 0.007542398985693061, "transferred": 0, "sibling_nr": 0, "id": 89, "children": [{"label": "S", "color": 16, "tstamp": 0.004192464364697929, "dist": 0.007651175202709074, "transferred": 0, "sibling_nr": 0, "id": 102, "children": [{"label": "116", "color": 18, "tstamp": 0.0, "dist": 0.004192464364697929, "transferred": 0, "sibling_nr": 0, "id": 116}, {"label": "117", "color": 19, "tstamp": 0.0, "dist": 0.004192464364697929, "transferred": 0, "sibling_nr": 1, "id": 117}]}, {"label": "103", "color": 17, "tstamp": 0.0, "dist": 0.011843639567407003, "transferred": 0, "sibling_nr": 1, "id": 103}]}, {"label": "88", "color": 14, "tstamp": 0.0, "dist": 0.019386038553100064, "transferred": 0, "sibling_nr": 1, "id": 88}]}, {"label": "*", "color": [9, 11], "tstamp": 0.01532039766003026, "dist": 0.03623047617989551, "transferred": 0, "sibling_nr": 1, "id": 73}]}, {"label": "58", "color": 8, "tstamp": 0.0, "dist": 0.06642884874129348, "transferred": 0, "sibling_nr": 1, "id": 58}]}, {"label": "42", "color": 6, "tstamp": 0.0, "dist": 0.14021488470584662, "transferred": 0, "sibling_nr": 1, "id": 42}]}, {"label": "D", "color": [2, 4], "tstamp": 0.049135138949159725, "dist": 0.09768745399117101, "transferred": 0, "sibling_nr": 1, "id": 30, "children": [{"label": "82", "color": 4, "tstamp": 0.0, "dist": 0.049135138949159725, "transferred": 0, "sibling_nr": 0, "id": 82}, {"label": "83", "color": 4, "tstamp": 0.0, "dist": 0.049135138949159725, "transferred": 0, "sibling_nr": 1, "id": 83}]}]}, {"label": "S", "color": 2, "tstamp": 0.14682259294033073, "dist": 0.01916604584017112, "transferred": 0, "sibling_nr": 1, "id": 23, "children": [{"label": "S", "color": 5, "tstamp": 0.14021488470584662, "dist": 0.0066077082344841165, "transferred": 0, "sibling_nr": 0, "id": 33, "children": [{"label": "S", "color": 7, "tstamp": 0.06642884874129348, "dist": 0.07378603596455313, "transferred": 0, "sibling_nr": 0, "id": 45, "children": [{"label": "S", "color": 9, "tstamp": 0.05155087383992577, "dist": 0.014877974901367712, "transferred": 0, "sibling_nr": 0, "id": 61, "children": [{"label": "S", "color": 10, "tstamp": 0.019386038553100064, "dist": 0.032164835286825705, "transferred": 0, "sibling_nr": 0, "id": 74, "children": [{"label": "S", "color": 15, "tstamp": 0.011843639567407003, "dist": 0.007542398985693061, "transferred": 0, "sibling_nr": 0, "id": 91, "children": [{"label": "S", "color": 16, "tstamp": 0.004192464364697929, "dist": 0.007651175202709074, "transferred": 0, "sibling_nr": 0, "id": 104, "children": [{"label": "118", "color": 18, "tstamp": 0.0, "dist": 0.004192464364697929, "transferred": 0, "sibling_nr": 0, "id": 118}, {"label": "119", "color": 19, "tstamp": 0.0, "dist": 0.004192464364697929, "transferred": 0, "sibling_nr": 1, "id": 119}]}, {"label": "105", "color": 17, "tstamp": 0.0, "dist": 0.011843639567407003, "transferred": 0, "sibling_nr": 1, "id": 105}]}, {"label": "90", "color": 14, "tstamp": 0.0, "dist": 0.019386038553100064, "transferred": 0, "sibling_nr": 1, "id": 90}]}, {"label": "75", "color": 11, "tstamp": 0.0, "dist": 0.05155087383992577, "transferred": 0, "sibling_nr": 1, "id": 75}]}, {"label": "60", "color": 8, "tstamp": 0.0, "dist": 0.06642884874129348, "transferred": 0, "sibling_nr": 1, "id": 60}]}, {"label": "44", "color": 6, "tstamp": 0.0, "dist": 0.14021488470584662, "transferred": 0, "sibling_nr": 1, "id": 44}]}, {"label": "32", "color": 4, "tstamp": 0.0, "dist": 0.14682259294033073, "transferred": 0, "sibling_nr": 1, "id": 32}]}]}, {"label": "D", "color": [1, 2], "tstamp": 0.14780408562024236, "dist": 0.183902516940007, "transferred": 0, "sibling_nr": 1, "id": 19, "children": [{"label": "S", "color": 2, "tstamp": 0.14682259294033073, "dist": 0.0009814926799116275, "transferred": 0, "sibling_nr": 0, "id": 24, "children": [{"label": "S", "color": 5, "tstamp": 0.14021488470584662, "dist": 0.0066077082344841165, "transferred": 0, "sibling_nr": 0, "id": 35, "children": [{"label": "H", "color": [5, 6], "tstamp": 0.13171937041331785, "dist": 0.00849551429252876, "transferred": 0, "sibling_nr": 0, "id": 46, "children": [{"label": "S", "color": 7, "tstamp": 0.06642884874129348, "dist": 0.06529052167202437, "transferred": 1, "sibling_nr": 0, "id": 53, "children": [{"label": "S", "color": 9, "tstamp": 0.05155087383992577, "dist": 0.014877974901367712, "transferred": 0, "sibling_nr": 0, "id": 67, "children": [{"label": "S", "color": 10, "tstamp": 0.019386038553100064, "dist": 0.032164835286825705, "transferred": 0, "sibling_nr": 0, "id": 80, "children": [{"label": "S", "color": 15, "tstamp": 0.011843639567407003, "dist": 0.007542398985693061, "transferred": 0, "sibling_nr": 0, "id": 97, "children": [{"label": "S", "color": 16, "tstamp": 0.004192464364697929, "dist": 0.007651175202709074, "transferred": 0, "sibling_nr": 0, "id": 110, "children": [{"label": "124", "color": 18, "tstamp": 0.0, "dist": 0.004192464364697929, "transferred": 0, "sibling_nr": 0, "id": 124}, {"label": "125", "color": 19, "tstamp": 0.0, "dist": 0.004192464364697929, "transferred": 0, "sibling_nr": 1, "id": 125}]}, {"label": "111", "color": 17, "tstamp": 0.0, "dist": 0.011843639567407003, "transferred": 0, "sibling_nr": 1, "id": 111}]}, {"label": "96", "color": 14, "tstamp": 0.0, "dist": 0.019386038553100064, "transferred": 0, "sibling_nr": 1, "id": 96}]}, {"label": "81", "color": 11, "tstamp": 0.0, "dist": 0.05155087383992577, "transferred": 0, "sibling_nr": 1, "id": 81}]}, {"label": "66", "color": 8, "tstamp": 0.0, "dist": 0.06642884874129348, "transferred": 0, "sibling_nr": 1, "id": 66}]}, {"label": "52", "color": 6, "tstamp": 0.0, "dist": 0.13171937041331785, "transferred": 0, "sibling_nr": 1, "id": 52}]}, {"label": "S", "color": 7, "tstamp": 0.06642884874129348, "dist": 0.07378603596455313, "transferred": 0, "sibling_nr": 1, "id": 47, "children": [{"label": "S", "color": 9, "tstamp": 0.05155087383992577, "dist": 0.014877974901367712, "transferred": 0, "sibling_nr": 0, "id": 63, "children": [{"label": "S", "color": 10, "tstamp": 0.019386038553100064, "dist": 0.032164835286825705, "transferred": 0,