{"label": "", "color": 0, "tstamp": 1.0, "dist": 0.0, "transferred": 0, "id": 0, "children": [{"label": "S", "color": 1, "tstamp": 0.98067459782259, "dist": 0.019325402177409967, "transferred": 0, "sibling_nr": 0, "id": 1, "children": [{"label": "S", "color": 2, "tstamp": 0.8849457778399562, "dist": 0.09572881998263383, "transferred": 0, "sibling_nr": 0, "id": 2, "children": [{"label": "H", "color": [2, 4], "tstamp": 0.8277248451365322, "dist": 0.05722093270342399, "transferred": 0, "sibling_nr": 0, "id": 4, "children": [{"label": "D", "color": [2, 5], "tstamp": 0.8218000951041705, "dist": 0.005924750032361703, "transferred": 1, "sibling_nr": 0, "id": 7, "children": [{"label": "D", "color": [2, 5], "tstamp": 0.7230688434529289, "dist": 0.09873125165124164, "transferred": 0, "sibling_nr": 0, "id": 9, "children": [{"label": "H", "color": [2, 5], "tstamp": 0.6926693190255326, "dist": 0.03039952442739624, "transferred": 0, "sibling_nr": 0, "id": 11, "children": [{"label": "S", "color": 5, "tstamp": 0.6659229380925519, "dist": 0.026746380932980762, "transferred": 0, "sibling_nr": 0, "id": 14, "children": [{"label": "S", "color": 6, "tstamp": 0.6542339339652542, "dist": 0.011689004127297675, "transferred": 0, "sibling_nr": 0, "id": 24, "children": [{"label": "H", "color": [6, 8], "tstamp": 0.598737374758022, "dist": 0.05549655920723218, "transferred": 0, "sibling_nr": 0, "id": 34, "children": [{"label": "D", "color": [4, 16], "tstamp": 0.5733755808041365, "dist": 0.025361793953885492, "transferred": 1, "sibling_nr": 0, "id": 41, "children": [{"label": "D", "color": [4, 16], "tstamp": 0.49283293056518657, "dist": 0.08054265023894996, "transferred": 0, "sibling_nr": 0, "id": 43, "children": [{"label": "D", "color": [4, 16], "tstamp": 0.4196943743611239, "dist": 0.07313855620406268, "transferred": 0, "sibling_nr": 0, "id": 47, "children": [{"label": "H", "color": [4, 16], "tstamp": 0.37649507445607566, "dist": 0.04319929990504823, "transferred": 0, "sibling_nr": 0, "id": 56, "children": [{"label": "H", "color": [4, 16], "tstamp": 0.2828169267877258, "dist": 0.09367814766834986, "transferred": 0, "sibling_nr": 0, "id": 60, "children": [{"label": "*", "color": [5, 7], "tstamp": 0.10761477501047151, "dist": 0.1752021517772543, "transferred": 1, "sibling_nr": 0, "id": 79}, {"label": "78", "color": 16, "tstamp": 0.0, "dist": 0.2828169267877258, "transferred": 0, "sibling_nr": 1, "id": 78}]}, {"label": "61", "color": 8, "tstamp": 0.0, "dist": 0.37649507445607566, "transferred": 1, "sibling_nr": 1, "id": 61}]}, {"label": "57", "color": 16, "tstamp": 0.0, "dist": 0.4196943743611239, "transferred": 0, "sibling_nr": 1, "id": 57}]}, {"label": "H", "color": [4, 16], "tstamp": 0.23506525234706327, "dist": 0.2577676782181233, "transferred": 0, "sibling_nr": 1, "id": 46, "children": [{"label": "D", "color": [5, 7], "tstamp": 0.18498949648974913, "dist": 0.050075755857314136, "transferred": 1, "sibling_nr": 0, "id": 83, "children": [{"label": "88", "color": 7, "tstamp": 0.0, "dist": 0.18498949648974913, "transferred": 0, "sibling_nr": 0, "id": 88}, {"label": "89", "color": 7, "tstamp": 0.0, "dist": 0.18498949648974913, "transferred": 0, "sibling_nr": 1, "id": 89}]}, {"label": "82", "color": 16, "tstamp": 0.0, "dist": 0.23506525234706327, "transferred": 0, "sibling_nr": 1, "id": 82}]}]}, {"label": "42", "color": 16, "tstamp": 0.0, "dist": 0.5733755808041365, "transferred": 0, "sibling_nr": 1, "id": 42}]}, {"label": "H", "color": [6, 8], "tstamp": 0.46522542087353214, "dist": 0.1335119538844899, "transferred": 0, "sibling_nr": 1, "id": 40, "children": [{"label": "H", "color": [5, 7], "tstamp": 0.37451359796005584, "dist": 0.09071182291347629, "transferred": 1, "sibling_nr": 0, "id": 55, "children": [{"label": "62", "color": 7, "tstamp": 0.0, "dist": 0.37451359796005584, "transferred": 0, "sibling_nr": 0, "id": 62}, {"label": "63", "color": 3, "tstamp": 0.0, "dist": 0.37451359796005584, "transferred": 1, "sibling_nr": 1, "id": 63}]}, {"label": "54", "color": 8, "tstamp": 0.0, "dist": 0.46522542087353214, "transferred": 0, "sibling_nr": 1, "id": 54}]}]}, {"label": "H", "color": [6, 9], "tstamp": 0.48201382059007447, "dist": 0.17222011337517973, "transferred": 0, "sibling_nr": 1, "id": 35, "children": [{"label": "S", "color": 9, "tstamp": 0.32569586508081666, "dist": 0.1563179555092578, "transferred": 0, "sibling_nr": 0, "id": 50, "children": [{"label": "H", "color": [9, 10], "tstamp": 0.14667310833190783, "dist": 0.17902275674890883, "transferred": 0, "sibling_nr": 0, "id": 72, "children": [{"label": "S", "color": 11, "tstamp": 0.08597185175361777, "dist": 0.060701256578290064, "transferred": 1, "sibling_nr": 0, "id": 93, "children": [{"label": "108", "color": 12, "tstamp": 0.0, "dist": 0.08597185175361777, "transferred": 0, "sibling_nr": 0, "id": 108}, {"label": "109", "color": 13, "tstamp": 0.0, "dist": 0.08597185175361777, "transferred": 0, "sibling_nr": 1, "id": 109}]}, {"label": "S", "color": 10, "tstamp": 0.021367252379275576, "dist": 0.12530585595263224, "transferred": 0, "sibling_nr": 1, "id": 92, "children": [{"label": "128", "color": 14, "tstamp": 0.0, "dist": 0.021367252379275576, "transferred": 0, "sibling_nr": 0, "id": 128}, {"label": "129", "color": 15, "tstamp": 0.0, "dist": 0.021367252379275576, "transferred": 0, "sibling_nr": 1, "id": 129}]}]}, {"label": "S", "color": 11, "tstamp": 0.08597185175361777, "dist": 0.2397240133271989, "transferred": 0, "sibling_nr": 1, "id": 73, "children": [{"label": "100", "color": 12, "tstamp": 0.0, "dist": 0.08597185175361777, "transferred": 0, "sibling_nr": 0, "id": 100}, {"label": "101", "color": 13, "tstamp": 0.0, "dist": 0.08597185175361777, "transferred": 0, "sibling_nr": 1, "id": 101}]}]}, {"label": "51", "color": 8, "tstamp": 0.0, "dist": 0.48201382059007447, "transferred": 1, "sibling_nr": 1, "id": 51}]}]}, {"label": "H", "color": [5, 7], "tstamp": 0.07597684245348447, "dist": 0.5899460956390674, "transferred": 0, "sibling_nr": 1, "id": 25, "children": [{"label": "115", "color": 8, "tstamp": 0.0, "dist": 0.07597684245348447, "transferred": 1, "sibling_nr": 0, "id": 115}, {"label": "114", "color": 7, "tstamp": 0.0, "dist": 0.07597684245348447, "transferred": 0, "sibling_nr": 1, "id": 114}]}]}, {"label": "H", "color": [1, 3], "tstamp": 0.4905333930878166, "dist": 0.202135925937716, "transferred": 1, "sibling_nr": 1, "id": 15, "children": [{"label": "S", "color": 9, "tstamp": 0.32569586508081666, "dist": 0.16483752800699997, "transferred": 1, "sibling_nr": 0, "id": 49, "children": [{"label": "D", "color": [9, 11], "tstamp": 0.2728020005402843, "dist": 0.052893864540532354, "transferred": 0, "sibling_nr": 0, "id": 71, "children": [{"label": "D", "color": [9, 11], "tstamp": 0.22303233151470664, "dist": 0.04976966902557767, "transferred": 0, "sibling_nr": 0, "id": 80, "children": [{"label": "S", "color": 11, "tstamp": 0.08597185175361777, "dist": 0.13706047976108887, "transferred": 0, "sibling_nr": 0, "id": 84, "children": [{"label": "104", "color": 12, "tstamp": 0.0, "dist": 0.08597185175361777, "transferred": 0, "sibling_nr": 0, "id": 104}, {"label": "105", "color": 13, "tstamp": 0.0, "dist": 0.08597185175361777, "transferred": 0, "sibling_nr": 1, "id": 105}]}, {"label": "S", "color": 11, "tstamp": 0.08597185175361777, "dist": 0.13706047976108887, "transferred": 0, "sibling_nr": 1, "id": 85, "children": [{"label": "106", "color": 12, "tstamp": 0.0, "dist": 0.08597185175361777, "transferred": 0, "sibling_nr": 0, "id": 106}, {"label": "107", "color": 13, "tstamp": 0.0, "dist": 0.08597185175361777, "transferred": 0, "sibling_nr": 1, "id": 107}]}]}, {"label": "H", "color": [9, 11], "tstamp": 0.0863418462965751, "dist": 0.1864601542437092, "transferred": 0, "sibling_nr": 1, "id": 81, "children": [{"label": "S", "color": 11, "tstamp": 0.08597185175361777, "dist": 0.00036999454295733036, "transferred": 0, "sibling_nr": 0, "id": 96, "children": [{"label": "112", "color": 12, "tstamp": 0.0, "dist": 0.08597185175361777,