{"label": "", "color": 0, "tstamp": 1.0, "dist": 0.0, "transferred": 0, "id": 0, "children": [{"label": "D", "color": [0, 1], "tstamp": 0.8658984027142963, "dist": 0.1341015972857037, "transferred": 0, "sibling_nr": 0, "id": 1, "children": [{"label": "D", "color": [0, 1], "tstamp": 0.7131089662500373, "dist": 0.15278943646425902, "transferred": 0, "sibling_nr": 0, "id": 2, "children": [{"label": "D", "color": [0, 1], "tstamp": 0.7075062731666748, "dist": 0.0056026930833624755, "transferred": 0, "sibling_nr": 0, "id": 5, "children": [{"label": "S", "color": 1, "tstamp": 0.428714594575779, "dist": 0.2787916785908958, "transferred": 0, "sibling_nr": 0, "id": 6, "children": [{"label": "H", "color": [1, 3], "tstamp": 0.33279797415255574, "dist": 0.09591662042322324, "transferred": 0, "sibling_nr": 0, "id": 13, "children": [{"label": "S", "color": 2, "tstamp": 0.2823754199422842, "dist": 0.05042255421027153, "transferred": 1, "sibling_nr": 0, "id": 17, "children": [{"label": "D", "color": [2, 5], "tstamp": 0.22426623958344752, "dist": 0.05810918035883669, "transferred": 0, "sibling_nr": 0, "id": 27, "children": [{"label": "S", "color": 5, "tstamp": 0.11330322618329244, "dist": 0.11096301340015507, "transferred": 0, "sibling_nr": 0, "id": 34, "children": [{"label": "S", "color": 7, "tstamp": 0.05078639368045368, "dist": 0.06251683250283877, "transferred": 0, "sibling_nr": 0, "id": 43, "children": [{"label": "S", "color": 9, "tstamp": 0.018727474653761882, "dist": 0.03205891902669179, "transferred": 0, "sibling_nr": 0, "id": 63, "children": [{"label": "S", "color": 10, "tstamp": 0.002211912587161368, "dist": 0.016515562066600514, "transferred": 0, "sibling_nr": 0, "id": 80, "children": [{"label": "S", "color": 15, "tstamp": 0.0011072900749324699, "dist": 0.0011046225122288982, "transferred": 0, "sibling_nr": 0, "id": 95, "children": [{"label": "S", "color": 16, "tstamp": 0.0006704978790074373, "dist": 0.0004367921959250326, "transferred": 0, "sibling_nr": 0, "id": 106, "children": [{"label": "118", "color": 18, "tstamp": 0.0, "dist": 0.0006704978790074373, "transferred": 0, "sibling_nr": 0, "id": 118}, {"label": "119", "color": 19, "tstamp": 0.0, "dist": 0.0006704978790074373, "transferred": 0, "sibling_nr": 1, "id": 119}]}, {"label": "107", "color": 17, "tstamp": 0.0, "dist": 0.0011072900749324699, "transferred": 0, "sibling_nr": 1, "id": 107}]}, {"label": "94", "color": 14, "tstamp": 0.0, "dist": 0.002211912587161368, "transferred": 0, "sibling_nr": 1, "id": 94}]}, {"label": "81", "color": 11, "tstamp": 0.0, "dist": 0.018727474653761882, "transferred": 0, "sibling_nr": 1, "id": 81}]}, {"label": "62", "color": 8, "tstamp": 0.0, "dist": 0.05078639368045368, "transferred": 0, "sibling_nr": 1, "id": 62}]}, {"label": "42", "color": 6, "tstamp": 0.0, "dist": 0.11330322618329244, "transferred": 0, "sibling_nr": 1, "id": 42}]}, {"label": "S", "color": 5, "tstamp": 0.11330322618329244, "dist": 0.11096301340015507, "transferred": 0, "sibling_nr": 1, "id": 35, "children": [{"label": "S", "color": 7, "tstamp": 0.05078639368045368, "dist": 0.06251683250283877, "transferred": 0, "sibling_nr": 0, "id": 45, "children": [{"label": "S", "color": 9, "tstamp": 0.018727474653761882, "dist": 0.03205891902669179, "transferred": 0, "sibling_nr": 0, "id": 65, "children": [{"label": "S", "color": 10, "tstamp": 0.002211912587161368, "dist": 0.016515562066600514, "transferred": 0, "sibling_nr": 0, "id": 82, "children": [{"label": "S", "color": 15, "tstamp": 0.0011072900749324699, "dist": 0.0011046225122288982, "transferred": 0, "sibling_nr": 0, "id": 97, "children": [{"label": "S", "color": 16, "tstamp": 0.0006704978790074373, "dist": 0.0004367921959250326, "transferred": 0, "sibling_nr": 0, "id": 108, "children": [{"label": "120", "color": 18, "tstamp": 0.0, "dist": 0.0006704978790074373, "transferred": 0, "sibling_nr": 0, "id": 120}, {"label": "121", "color": 19, "tstamp": 0.0, "dist": 0.0006704978790074373, "transferred": 0, "sibling_nr": 1, "id": 121}]}, {"label": "109", "color": 17, "tstamp": 0.0, "dist": 0.0011072900749324699, "transferred": 0, "sibling_nr": 1, "id": 109}]}, {"label": "96", "color": 14, "tstamp": 0.0, "dist": 0.002211912587161368, "transferred": 0, "sibling_nr": 1, "id": 96}]}, {"label": "83", "color": 11, "tstamp": 0.0, "dist": 0.018727474653761882, "transferred": 0, "sibling_nr": 1, "id": 83}]}, {"label": "64", "color": 8, "tstamp": 0.0, "dist": 0.05078639368045368, "transferred": 0, "sibling_nr": 1, "id": 64}]}, {"label": "44", "color": 6, "tstamp": 0.0, "dist": 0.11330322618329244, "transferred": 0, "sibling_nr": 1, "id": 44}]}]}, {"label": "26", "color": 4, "tstamp": 0.0, "dist": 0.2823754199422842, "transferred": 0, "sibling_nr": 1, "id": 26}]}, {"label": "S", "color": 3, "tstamp": 0.0658384132149253, "dist": 0.26695956093763046, "transferred": 0, "sibling_nr": 1, "id": 16, "children": [{"label": "48", "color": 12, "tstamp": 0.0, "dist": 0.0658384132149253, "transferred": 0, "sibling_nr": 0, "id": 48}, {"label": "49", "color": 13, "tstamp": 0.0, "dist": 0.0658384132149253, "transferred": 0, "sibling_nr": 1, "id": 49}]}]}, {"label": "S", "color": 2, "tstamp": 0.2823754199422842, "dist": 0.14633917463349477, "transferred": 0, "sibling_nr": 1, "id": 12, "children": [{"label": "*", "color": [2, 5], "tstamp": 0.14671376063496855, "dist": 0.13566165930731566, "transferred": 0, "sibling_nr": 0, "id": 23}, {"label": "22", "color": 4, "tstamp": 0.0, "dist": 0.2823754199422842, "transferred": 0, "sibling_nr": 1, "id": 22}]}]}, {"label": "S", "color": 1, "tstamp": 0.428714594575779, "dist": 0.2787916785908958, "transferred": 0, "sibling_nr": 1, "id": 7, "children": [{"label": "S", "color": 2, "tstamp": 0.2823754199422842, "dist": 0.14633917463349477, "transferred": 0, "sibling_nr": 0, "id": 14, "children": [{"label": "S", "color": 5, "tstamp": 0.11330322618329244, "dist": 0.16907219375899177, "transferred": 0, "sibling_nr": 0, "id": 25, "children": [{"label": "S", "color": 7, "tstamp": 0.05078639368045368, "dist": 0.06251683250283877, "transferred": 0, "sibling_nr": 0, "id": 39, "children": [{"label": "S", "color": 9, "tstamp": 0.018727474653761882, "dist": 0.03205891902669179, "transferred": 0, "sibling_nr": 0, "id": 59, "children": [{"label": "S", "color": 10, "tstamp": 0.002211912587161368, "dist": 0.016515562066600514, "transferred": 0, "sibling_nr": 0, "id": 76, "children": [{"label": "S", "color": 15, "tstamp": 0.0011072900749324699, "dist": 0.0011046225122288982, "transferred": 0, "sibling_nr": 0, "id": 91, "children": [{"label": "S", "color": 16, "tstamp": 0.0006704978790074373, "dist": 0.0004367921959250326, "transferred": 0, "sibling_nr": 0, "id": 102, "children": [{"label": "114", "color": 18, "tstamp": 0.0, "dist": 0.0006704978790074373, "transferred": 0, "sibling_nr": 0, "id": 114}, {"label": "115", "color": 19, "tstamp": 0.0, "dist": 0.0006704978790074373, "transferred": 0, "sibling_nr": 1, "id": 115}]}, {"label": "103", "color": 17, "tstamp": 0.0, "dist": 0.0011072900749324699, "transferred": 0, "sibling_nr": 1, "id": 103}]}, {"label": "90", "color": 14, "tstamp": 0.0, "dist": 0.002211912587161368, "transferred": 0, "sibling_nr": 1, "id": 90}]}, {"label": "77", "color": 11, "tstamp": 0.0, "dist": 0.018727474653761882, "transferred": 0, "sibling_nr": 1, "id": 77}]}, {"label": "58", "color": 8, "tstamp": 0.0, "dist": 0.05078639368045368, "transferred": 0, "sibling_nr": 1, "id": 58}]}, {"label": "38", "color": 6, "tstamp": 0.0, "dist": 0.11330322618329244, "transferred": 0, "sibling_nr": 1, "id": 38}]}, {"label": "D", "color": [2, 4], "tstamp": 0.06428757383387977, "dist": 0.21808784610840443, "transferred": 0, "sibling_nr": 1, "id": 24, "children": [{"label": "54", "color": 4, "tstamp": 0.0, "dist": 0.06428757383387977, "transferred": 0, "sibling_nr": 0, "id": 54}, {"label": "55", "color": 4, "tstamp": 0.0, "dist": 0.06428757383387977, "transferred": 0, "sibling_nr": 1, "id": 55}]}]}, {"label": "S", "color": 3, "tstamp": 0.0658384132149253,