{"label": "", "color": 0, "tstamp": 1.0, "dist": 0.0, "transferred": 0, "id": 0, "children": [{"label": "D", "color": [0, 1], "tstamp": 0.848554816582092, "dist": 0.15144518341790802, "transferred": 0, "sibling_nr": 0, "id": 1, "children": [{"label": "D", "color": [0, 1], "tstamp": 0.8318998029402512, "dist": 0.016655013641840744, "transferred": 0, "sibling_nr": 0, "id": 3, "children": [{"label": "D", "color": [0, 1], "tstamp": 0.8254340776051659, "dist": 0.006465725335085382, "transferred": 0, "sibling_nr": 0, "id": 4, "children": [{"label": "D", "color": [0, 1], "tstamp": 0.509301153644365, "dist": 0.31613292396080084, "transferred": 0, "sibling_nr": 0, "id": 6, "children": [{"label": "D", "color": [0, 1], "tstamp": 0.5089142641391949, "dist": 0.0003868895051700738, "transferred": 0, "sibling_nr": 0, "id": 11, "children": [{"label": "S", "color": 1, "tstamp": 0.008887964453528685, "dist": 0.5000262996856663, "transferred": 0, "sibling_nr": 0, "id": 12, "children": [{"label": "S", "color": 2, "tstamp": 0.005213199751001265, "dist": 0.0036747647025274204, "transferred": 0, "sibling_nr": 0, "id": 22, "children": [{"label": "S", "color": 4, "tstamp": 0.004156055071716943, "dist": 0.0010571446792843218, "transferred": 0, "sibling_nr": 0, "id": 34, "children": [{"label": "S", "color": 9, "tstamp": 0.0014202994880626201, "dist": 0.0027357555836543227, "transferred": 0, "sibling_nr": 0, "id": 47, "children": [{"label": "S", "color": 10, "tstamp": 0.0009768615937101757, "dist": 0.0004434378943524444, "transferred": 0, "sibling_nr": 0, "id": 58, "children": [{"label": "S", "color": 17, "tstamp": 0.0002535117080069814, "dist": 0.0007233498857031944, "transferred": 0, "sibling_nr": 0, "id": 83, "children": [{"label": "118", "color": 18, "tstamp": 0.0, "dist": 0.0002535117080069814, "transferred": 0, "sibling_nr": 0, "id": 118}, {"label": "119", "color": 19, "tstamp": 0.0, "dist": 0.0002535117080069814, "transferred": 0, "sibling_nr": 1, "id": 119}]}, {"label": "82", "color": 16, "tstamp": 0.0, "dist": 0.0009768615937101757, "transferred": 0, "sibling_nr": 1, "id": 82}]}, {"label": "S", "color": 11, "tstamp": 0.0008834233571326504, "dist": 0.0005368761309299697, "transferred": 0, "sibling_nr": 1, "id": 59, "children": [{"label": "S", "color": 13, "tstamp": 0.0006597046091772415, "dist": 0.0002237187479554089, "transferred": 0, "sibling_nr": 0, "id": 95, "children": [{"label": "106", "color": 14, "tstamp": 0.0, "dist": 0.0006597046091772415, "transferred": 0, "sibling_nr": 0, "id": 106}, {"label": "107", "color": 15, "tstamp": 0.0, "dist": 0.0006597046091772415, "transferred": 0, "sibling_nr": 1, "id": 107}]}, {"label": "94", "color": 12, "tstamp": 0.0, "dist": 0.0008834233571326504, "transferred": 0, "sibling_nr": 1, "id": 94}]}]}, {"label": "46", "color": 8, "tstamp": 0.0, "dist": 0.004156055071716943, "transferred": 0, "sibling_nr": 1, "id": 46}]}, {"label": "S", "color": 5, "tstamp": 0.0012994070926173385, "dist": 0.0039137926583839265, "transferred": 0, "sibling_nr": 1, "id": 35, "children": [{"label": "70", "color": 6, "tstamp": 0.0, "dist": 0.0012994070926173385, "transferred": 0, "sibling_nr": 0, "id": 70}, {"label": "71", "color": 7, "tstamp": 0.0, "dist": 0.0012994070926173385, "transferred": 0, "sibling_nr": 1, "id": 71}]}]}, {"label": "23", "color": 3, "tstamp": 0.0, "dist": 0.008887964453528685, "transferred": 0, "sibling_nr": 1, "id": 23}]}, {"label": "S", "color": 1, "tstamp": 0.008887964453528685, "dist": 0.5000262996856663, "transferred": 0, "sibling_nr": 1, "id": 13, "children": [{"label": "S", "color": 2, "tstamp": 0.005213199751001265, "dist": 0.0036747647025274204, "transferred": 0, "sibling_nr": 0, "id": 24, "children": [{"label": "S", "color": 4, "tstamp": 0.004156055071716943, "dist": 0.0010571446792843218, "transferred": 0, "sibling_nr": 0, "id": 36, "children": [{"label": "S", "color": 9, "tstamp": 0.0014202994880626201, "dist": 0.0027357555836543227, "transferred": 0, "sibling_nr": 0, "id": 49, "children": [{"label": "S", "color": 10, "tstamp": 0.0009768615937101757, "dist": 0.0004434378943524444, "transferred": 0, "sibling_nr": 0, "id": 60, "children": [{"label": "S", "color": 17, "tstamp": 0.0002535117080069814, "dist": 0.0007233498857031944, "transferred": 0, "sibling_nr": 0, "id": 85, "children": [{"label": "120", "color": 18, "tstamp": 0.0, "dist": 0.0002535117080069814, "transferred": 0, "sibling_nr": 0, "id": 120}, {"label": "121", "color": 19, "tstamp": 0.0, "dist": 0.0002535117080069814, "transferred": 0, "sibling_nr": 1, "id": 121}]}, {"label": "84", "color": 16, "tstamp": 0.0, "dist": 0.0009768615937101757, "transferred": 0, "sibling_nr": 1, "id": 84}]}, {"label": "S", "color": 11, "tstamp": 0.0008834233571326504, "dist": 0.0005368761309299697, "transferred": 0, "sibling_nr": 1, "id": 61, "children": [{"label": "S", "color": 13, "tstamp": 0.0006597046091772415, "dist": 0.0002237187479554089, "transferred": 0, "sibling_nr": 0, "id": 97, "children": [{"label": "108", "color": 14, "tstamp": 0.0, "dist": 0.0006597046091772415, "transferred": 0, "sibling_nr": 0, "id": 108}, {"label": "109", "color": 15, "tstamp": 0.0, "dist": 0.0006597046091772415, "transferred": 0, "sibling_nr": 1, "id": 109}]}, {"label": "96", "color": 12, "tstamp": 0.0, "dist": 0.0008834233571326504, "transferred": 0, "sibling_nr": 1, "id": 96}]}]}, {"label": "48", "color": 8, "tstamp": 0.0, "dist": 0.004156055071716943, "transferred": 0, "sibling_nr": 1, "id": 48}]}, {"label": "S", "color": 5, "tstamp": 0.0012994070926173385, "dist": 0.0039137926583839265, "transferred": 0, "sibling_nr": 1, "id": 37, "children": [{"label": "72", "color": 6, "tstamp": 0.0, "dist": 0.0012994070926173385, "transferred": 0, "sibling_nr": 0, "id": 72}, {"label": "73", "color": 7, "tstamp": 0.0, "dist": 0.0012994070926173385, "transferred": 0, "sibling_nr": 1, "id": 73}]}]}, {"label": "25", "color": 3, "tstamp": 0.0, "dist": 0.008887964453528685, "transferred": 0, "sibling_nr": 1, "id": 25}]}]}, {"label": "S", "color": 1, "tstamp": 0.008887964453528685, "dist": 0.5004131891908363, "transferred": 0, "sibling_nr": 1, "id": 10, "children": [{"label": "S", "color": 2, "tstamp": 0.005213199751001265, "dist": 0.0036747647025274204, "transferred": 0, "sibling_nr": 0, "id": 20, "children": [{"label": "S", "color": 4, "tstamp": 0.004156055071716943, "dist": 0.0010571446792843218, "transferred": 0, "sibling_nr": 0, "id": 32, "children": [{"label": "S", "color": 9, "tstamp": 0.0014202994880626201, "dist": 0.0027357555836543227, "transferred": 0, "sibling_nr": 0, "id": 45, "children": [{"label": "S", "color": 10, "tstamp": 0.0009768615937101757, "dist": 0.0004434378943524444, "transferred": 0, "sibling_nr": 0, "id": 56, "children": [{"label": "S", "color": 17, "tstamp": 0.0002535117080069814, "dist": 0.0007233498857031944, "transferred": 0, "sibling_nr": 0, "id": 81, "children": [{"label": "116", "color": 18, "tstamp": 0.0, "dist": 0.0002535117080069814, "transferred": 0, "sibling_nr": 0, "id": 116}, {"label": "117", "color": 19, "tstamp": 0.0, "dist": 0.0002535117080069814, "transferred": 0, "sibling_nr": 1, "id": 117}]}, {"label": "80", "color": 16, "tstamp": 0.0, "dist": 0.0009768615937101757, "transferred": 0, "sibling_nr": 1, "id": 80}]}, {"label": "S", "color": 11, "tstamp": 0.0008834233571326504, "dist": 0.0005368761309299697, "transferred": 0, "sibling_nr": 1, "id": 57, "children": [{"label": "S", "color": 13, "tstamp": 0.0006597046091772415, "dist": 0.0002237187479554089, "transferred": 0, "sibling_nr": 0, "id": 93, "children": [{"label": "104", "color": 14, "tstamp": 0.0, "dist": 0.0006597046091772415, "transferred": 0, "sibling_nr": 0, "id": 104}, {"label": "105", "color": 15, "tstamp": 0.0, "dist": 0.0006597046091772415, "transferred": 0, "sibling_nr": 1, "id": 105}]}, {"label": "92", "color": 12, "tstamp": 0.0, "dist": 0.0008834233571326504, "transferred": 0, "sibling_nr": 1, "id": 92}]}]}, {"label": "44", "color": 8, "tstamp": 0.0, "dist": 0.004156055071716943,