{"label": "", "color": 0, "tstamp": 1.0, "dist": 0.0, "transferred": 0, "id": 0, "children": [{"label": "S", "color": 1, "tstamp": 0.9337784873758831, "dist": 0.06622151262411691, "transferred": 0, "sibling_nr": 0, "id": 1, "children": [{"label": "H", "color": [1, 3], "tstamp": 0.894733989055137, "dist": 0.03904449832074608, "transferred": 0, "sibling_nr": 0, "id": 3, "children": [{"label": "H", "color": [1, 2], "tstamp": 0.5817053034283746, "dist": 0.31302868562676245, "transferred": 1, "sibling_nr": 0, "id": 5, "children": [{"label": "H", "color": [1, 2], "tstamp": 0.5341198011083029, "dist": 0.04758550232007164, "transferred": 0, "sibling_nr": 0, "id": 6, "children": [{"label": "H", "color": [1, 3], "tstamp": 0.35073995260533636, "dist": 0.18337984850296657, "transferred": 1, "sibling_nr": 0, "id": 9, "children": [{"label": "H", "color": [1, 3], "tstamp": 0.2482884615322045, "dist": 0.10245149107313187, "transferred": 0, "sibling_nr": 0, "id": 18, "children": [{"label": "S", "color": 3, "tstamp": 0.2302853334671115, "dist": 0.018003128065092994, "transferred": 0, "sibling_nr": 0, "id": 22, "children": [{"label": "S", "color": 4, "tstamp": 0.12632525048387974, "dist": 0.10396008298323176, "transferred": 0, "sibling_nr": 0, "id": 30, "children": [{"label": "D", "color": [4, 7], "tstamp": 0.10515829212299993, "dist": 0.021166958360879812, "transferred": 0, "sibling_nr": 0, "id": 41, "children": [{"label": "S", "color": 7, "tstamp": 0.04271644895193656, "dist": 0.06244184317106337, "transferred": 0, "sibling_nr": 0, "id": 44, "children": [{"label": "*", "color": [7, 8], "tstamp": 0.03021068003038146, "dist": 0.0125057689215551, "transferred": 0, "sibling_nr": 0, "id": 58}, {"label": "S", "color": 9, "tstamp": 0.016680694127700634, "dist": 0.026035754824235927, "transferred": 0, "sibling_nr": 1, "id": 59, "children": [{"label": "S", "color": 10, "tstamp": 0.012540536771408142, "dist": 0.004140157356292492, "transferred": 0, "sibling_nr": 0, "id": 76, "children": [{"label": "S", "color": 13, "tstamp": 0.007681307165425758, "dist": 0.004859229605982384, "transferred": 0, "sibling_nr": 0, "id": 89, "children": [{"label": "S", "color": 14, "tstamp": 0.0068786697380116045, "dist": 0.0008026374274141537, "transferred": 0, "sibling_nr": 0, "id": 100, "children": [{"label": "112", "color": 18, "tstamp": 0.0, "dist": 0.0068786697380116045, "transferred": 0, "sibling_nr": 0, "id": 112}, {"label": "113", "color": 19, "tstamp": 0.0, "dist": 0.0068786697380116045, "transferred": 0, "sibling_nr": 1, "id": 113}]}, {"label": "S", "color": 15, "tstamp": 0.00053992181455925, "dist": 0.007141385350866508, "transferred": 0, "sibling_nr": 1, "id": 101, "children": [{"label": "124", "color": 16, "tstamp": 0.0, "dist": 0.00053992181455925, "transferred": 0, "sibling_nr": 0, "id": 124}, {"label": "125", "color": 17, "tstamp": 0.0, "dist": 0.00053992181455925, "transferred": 0, "sibling_nr": 1, "id": 125}]}]}, {"label": "88", "color": 12, "tstamp": 0.0, "dist": 0.012540536771408142, "transferred": 0, "sibling_nr": 1, "id": 88}]}, {"label": "77", "color": 11, "tstamp": 0.0, "dist": 0.016680694127700634, "transferred": 0, "sibling_nr": 1, "id": 77}]}]}, {"label": "S", "color": 7, "tstamp": 0.04271644895193656, "dist": 0.06244184317106337, "transferred": 0, "sibling_nr": 1, "id": 45, "children": [{"label": "S", "color": 9, "tstamp": 0.016680694127700634, "dist": 0.026035754824235927, "transferred": 0, "sibling_nr": 0, "id": 61, "children": [{"label": "S", "color": 10, "tstamp": 0.012540536771408142, "dist": 0.004140157356292492, "transferred": 0, "sibling_nr": 0, "id": 78, "children": [{"label": "S", "color": 13, "tstamp": 0.007681307165425758, "dist": 0.004859229605982384, "transferred": 0, "sibling_nr": 0, "id": 91, "children": [{"label": "S", "color": 14, "tstamp": 0.0068786697380116045, "dist": 0.0008026374274141537, "transferred": 0, "sibling_nr": 0, "id": 102, "children": [{"label": "114", "color": 18, "tstamp": 0.0, "dist": 0.0068786697380116045, "transferred": 0, "sibling_nr": 0, "id": 114}, {"label": "115", "color": 19, "tstamp": 0.0, "dist": 0.0068786697380116045, "transferred": 0, "sibling_nr": 1, "id": 115}]}, {"label": "S", "color": 15, "tstamp": 0.00053992181455925, "dist": 0.007141385350866508, "transferred": 0, "sibling_nr": 1, "id": 103, "children": [{"label": "126", "color": 16, "tstamp": 0.0, "dist": 0.00053992181455925, "transferred": 0, "sibling_nr": 0, "id": 126}, {"label": "127", "color": 17, "tstamp": 0.0, "dist": 0.00053992181455925, "transferred": 0, "sibling_nr": 1, "id": 127}]}]}, {"label": "90", "color": 12, "tstamp": 0.0, "dist": 0.012540536771408142, "transferred": 0, "sibling_nr": 1, "id": 90}]}, {"label": "79", "color": 11, "tstamp": 0.0, "dist": 0.016680694127700634, "transferred": 0, "sibling_nr": 1, "id": 79}]}, {"label": "60", "color": 8, "tstamp": 0.0, "dist": 0.04271644895193656, "transferred": 0, "sibling_nr": 1, "id": 60}]}]}, {"label": "40", "color": 6, "tstamp": 0.0, "dist": 0.12632525048387974, "transferred": 0, "sibling_nr": 1, "id": 40}]}, {"label": "H", "color": [3, 5], "tstamp": 0.04071870200598848, "dist": 0.18956663146112301, "transferred": 0, "sibling_nr": 1, "id": 31, "children": [{"label": "63", "color": 2, "tstamp": 0.0, "dist": 0.04071870200598848, "transferred": 1, "sibling_nr": 0, "id": 63}, {"label": "62", "color": 5, "tstamp": 0.0, "dist": 0.04071870200598848, "transferred": 0, "sibling_nr": 1, "id": 62}]}]}, {"label": "H", "color": [1, 2], "tstamp": 0.13373614732559796, "dist": 0.11455231420660653, "transferred": 1, "sibling_nr": 1, "id": 23, "children": [{"label": "S", "color": 4, "tstamp": 0.12632525048387974, "dist": 0.007410896841718223, "transferred": 1, "sibling_nr": 0, "id": 33, "children": [{"label": "S", "color": 7, "tstamp": 0.04271644895193656, "dist": 0.08360880153194318, "transferred": 0, "sibling_nr": 0, "id": 43, "children": [{"label": "S", "color": 9, "tstamp": 0.016680694127700634, "dist": 0.026035754824235927, "transferred": 0, "sibling_nr": 0, "id": 57, "children": [{"label": "S", "color": 10, "tstamp": 0.012540536771408142, "dist": 0.004140157356292492, "transferred": 0, "sibling_nr": 0, "id": 74, "children": [{"label": "S", "color": 13, "tstamp": 0.007681307165425758, "dist": 0.004859229605982384, "transferred": 0, "sibling_nr": 0, "id": 87, "children": [{"label": "S", "color": 14, "tstamp": 0.0068786697380116045, "dist": 0.0008026374274141537, "transferred": 0, "sibling_nr": 0, "id": 98, "children": [{"label": "110", "color": 18, "tstamp": 0.0, "dist": 0.0068786697380116045, "transferred": 0, "sibling_nr": 0, "id": 110}, {"label": "111", "color": 19, "tstamp": 0.0, "dist": 0.0068786697380116045, "transferred": 0, "sibling_nr": 1, "id": 111}]}, {"label": "S", "color": 15, "tstamp": 0.00053992181455925, "dist": 0.007141385350866508, "transferred": 0, "sibling_nr": 1, "id": 99, "children": [{"label": "122", "color": 16, "tstamp": 0.0, "dist": 0.00053992181455925, "transferred": 0, "sibling_nr": 0, "id": 122}, {"label": "123", "color": 17, "tstamp": 0.0, "dist": 0.00053992181455925, "transferred": 0, "sibling_nr": 1, "id": 123}]}]}, {"label": "86", "color": 12, "tstamp": 0.0, "dist": 0.012540536771408142, "transferred": 0, "sibling_nr": 1, "id": 86}]}, {"label": "75", "color": 11, "tstamp": 0.0, "dist": 0.016680694127700634, "transferred": 0, "sibling_nr": 1, "id": 75}]}, {"label": "56", "color": 8, "tstamp": 0.0, "dist": 0.04271644895193656, "transferred": 0, "sibling_nr": 1, "id": 56}]}, {"label": "D", "color": [4, 6], "tstamp": 0.030897861825370628, "dist": 0.09542738865850911, "transferred": 0, "sibling_nr": 1, "id": 42, "children": [{"label": "64", "color": 6, "tstamp": 0.0, "dist": 0.030897861825370628, "transferred": 0, "sibling_nr": 0, "id": 64}, {"label": "65", "color": 6, "tstamp": 0.0, "dist": 0.030897861825370628, "transferred": 0, "sibling_nr": 1, "id": 65}]}]}, {"label": "32", "color": 2, "tstamp": 0.0, "dist": 0.13373614732559796, "transferred": 0, "sibling_nr": 1,