{"label": "", "color": 0, "tstamp": 1.0, "dist": 0.0, "transferred": 0, "id": 0, "children": [{"label": "S", "color": 1, "tstamp": 0.9046600959976645, "dist": 0.0953399040023355, "transferred": 0, "sibling_nr": 0, "id": 1, "children": [{"label": "H", "color": [1, 3], "tstamp": 0.5046354446697379, "dist": 0.40002465132792664, "transferred": 0, "sibling_nr": 0, "id": 3, "children": [{"label": "D", "color": [1, 3], "tstamp": 0.5011322319535464, "dist": 0.003503212716191473, "transferred": 0, "sibling_nr": 0, "id": 4, "children": [{"label": "S", "color": 3, "tstamp": 0.40300556908458895, "dist": 0.09812666286895744, "transferred": 0, "sibling_nr": 0, "id": 6, "children": [{"label": "H", "color": [3, 4], "tstamp": 0.3112379048766683, "dist": 0.09176766420792065, "transferred": 0, "sibling_nr": 0, "id": 10, "children": [{"label": "D", "color": [3, 4], "tstamp": 0.14931965565559638, "dist": 0.16191824922107192, "transferred": 0, "sibling_nr": 0, "id": 18, "children": [{"label": "H", "color": [3, 4], "tstamp": 0.13356690710327232, "dist": 0.01575274855232406, "transferred": 0, "sibling_nr": 0, "id": 27, "children": [{"label": "S", "color": 4, "tstamp": 0.04496636591219117, "dist": 0.08860054119108116, "transferred": 0, "sibling_nr": 0, "id": 28, "children": [{"label": "36", "color": 18, "tstamp": 0.0, "dist": 0.04496636591219117, "transferred": 0, "sibling_nr": 0, "id": 36}, {"label": "37", "color": 19, "tstamp": 0.0, "dist": 0.04496636591219117, "transferred": 0, "sibling_nr": 1, "id": 37}]}, {"label": "S", "color": 5, "tstamp": 0.020887201246484476, "dist": 0.11267970585678784, "transferred": 1, "sibling_nr": 1, "id": 29, "children": [{"label": "D", "color": [5, 7], "tstamp": 0.012415732136347175, "dist": 0.008471469110137301, "transferred": 0, "sibling_nr": 0, "id": 47, "children": [{"label": "S", "color": 7, "tstamp": 0.011618619201795037, "dist": 0.0007971129345521379, "transferred": 0, "sibling_nr": 0, "id": 52, "children": [{"label": "S", "color": 8, "tstamp": 0.009450199797972415, "dist": 0.0021684194038226225, "transferred": 0, "sibling_nr": 0, "id": 64, "children": [{"label": "S", "color": 11, "tstamp": 0.00887828512214941, "dist": 0.000571914675823005, "transferred": 0, "sibling_nr": 0, "id": 79, "children": [{"label": "S", "color": 13, "tstamp": 0.003656213809364649, "dist": 0.005222071312784762, "transferred": 0, "sibling_nr": 0, "id": 93, "children": [{"label": "108", "color": 14, "tstamp": 0.0, "dist": 0.003656213809364649, "transferred": 0, "sibling_nr": 0, "id": 108}, {"label": "109", "color": 15, "tstamp": 0.0, "dist": 0.003656213809364649, "transferred": 0, "sibling_nr": 1, "id": 109}]}, {"label": "S", "color": 12, "tstamp": 0.0031863263764653894, "dist": 0.00569195874568402, "transferred": 0, "sibling_nr": 1, "id": 92, "children": [{"label": "124", "color": 16, "tstamp": 0.0, "dist": 0.0031863263764653894, "transferred": 0, "sibling_nr": 0, "id": 124}, {"label": "125", "color": 17, "tstamp": 0.0, "dist": 0.0031863263764653894, "transferred": 0, "sibling_nr": 1, "id": 125}]}]}, {"label": "78", "color": 10, "tstamp": 0.0, "dist": 0.009450199797972415, "transferred": 0, "sibling_nr": 1, "id": 78}]}, {"label": "65", "color": 9, "tstamp": 0.0, "dist": 0.011618619201795037, "transferred": 0, "sibling_nr": 1, "id": 65}]}, {"label": "S", "color": 7, "tstamp": 0.011618619201795037, "dist": 0.0007971129345521379, "transferred": 0, "sibling_nr": 1, "id": 53, "children": [{"label": "S", "color": 8, "tstamp": 0.009450199797972415, "dist": 0.0021684194038226225, "transferred": 0, "sibling_nr": 0, "id": 66, "children": [{"label": "S", "color": 11, "tstamp": 0.00887828512214941, "dist": 0.000571914675823005, "transferred": 0, "sibling_nr": 0, "id": 81, "children": [{"label": "S", "color": 13, "tstamp": 0.003656213809364649, "dist": 0.005222071312784762, "transferred": 0, "sibling_nr": 0, "id": 95, "children": [{"label": "110", "color": 14, "tstamp": 0.0, "dist": 0.003656213809364649, "transferred": 0, "sibling_nr": 0, "id": 110}, {"label": "111", "color": 15, "tstamp": 0.0, "dist": 0.003656213809364649, "transferred": 0, "sibling_nr": 1, "id": 111}]}, {"label": "S", "color": 12, "tstamp": 0.0031863263764653894, "dist": 0.00569195874568402, "transferred": 0, "sibling_nr": 1, "id": 94, "children": [{"label": "126", "color": 16, "tstamp": 0.0, "dist": 0.0031863263764653894, "transferred": 0, "sibling_nr": 0, "id": 126}, {"label": "127", "color": 17, "tstamp": 0.0, "dist": 0.0031863263764653894, "transferred": 0, "sibling_nr": 1, "id": 127}]}]}, {"label": "80", "color": 10, "tstamp": 0.0, "dist": 0.009450199797972415, "transferred": 0, "sibling_nr": 1, "id": 80}]}, {"label": "67", "color": 9, "tstamp": 0.0, "dist": 0.011618619201795037, "transferred": 0, "sibling_nr": 1, "id": 67}]}]}, {"label": "46", "color": 6, "tstamp": 0.0, "dist": 0.020887201246484476, "transferred": 0, "sibling_nr": 1, "id": 46}]}]}, {"label": "S", "color": 4, "tstamp": 0.04496636591219117, "dist": 0.10435328974340521, "transferred": 0, "sibling_nr": 1, "id": 26, "children": [{"label": "34", "color": 18, "tstamp": 0.0, "dist": 0.04496636591219117, "transferred": 0, "sibling_nr": 0, "id": 34}, {"label": "35", "color": 19, "tstamp": 0.0, "dist": 0.04496636591219117, "transferred": 0, "sibling_nr": 1, "id": 35}]}]}, {"label": "S", "color": 5, "tstamp": 0.020887201246484476, "dist": 0.29035070363018384, "transferred": 1, "sibling_nr": 1, "id": 19, "children": [{"label": "S", "color": 7, "tstamp": 0.011618619201795037, "dist": 0.009268582044689439, "transferred": 0, "sibling_nr": 0, "id": 43, "children": [{"label": "S", "color": 8, "tstamp": 0.009450199797972415, "dist": 0.0021684194038226225, "transferred": 0, "sibling_nr": 0, "id": 56, "children": [{"label": "S", "color": 11, "tstamp": 0.00887828512214941, "dist": 0.000571914675823005, "transferred": 0, "sibling_nr": 0, "id": 71, "children": [{"label": "S", "color": 13, "tstamp": 0.003656213809364649, "dist": 0.005222071312784762, "transferred": 0, "sibling_nr": 0, "id": 85, "children": [{"label": "100", "color": 14, "tstamp": 0.0, "dist": 0.003656213809364649, "transferred": 0, "sibling_nr": 0, "id": 100}, {"label": "101", "color": 15, "tstamp": 0.0, "dist": 0.003656213809364649, "transferred": 0, "sibling_nr": 1, "id": 101}]}, {"label": "S", "color": 12, "tstamp": 0.0031863263764653894, "dist": 0.00569195874568402, "transferred": 0, "sibling_nr": 1, "id": 84, "children": [{"label": "116", "color": 16, "tstamp": 0.0, "dist": 0.0031863263764653894, "transferred": 0, "sibling_nr": 0, "id": 116}, {"label": "117", "color": 17, "tstamp": 0.0, "dist": 0.0031863263764653894, "transferred": 0, "sibling_nr": 1, "id": 117}]}]}, {"label": "H", "color": [8, 10], "tstamp": 0.003580512519645979, "dist": 0.005869687278326436, "transferred": 0, "sibling_nr": 1, "id": 70, "children": [{"label": "113", "color": 18, "tstamp": 0.0, "dist": 0.003580512519645979, "transferred": 1, "sibling_nr": 0, "id": 113}, {"label": "112", "color": 10, "tstamp": 0.0, "dist": 0.003580512519645979, "transferred": 0, "sibling_nr": 1, "id": 112}]}]}, {"label": "57", "color": 9, "tstamp": 0.0, "dist": 0.011618619201795037, "transferred": 0, "sibling_nr": 1, "id": 57}]}, {"label": "H", "color": [5, 6], "tstamp": 0.004334738692264701, "dist": 0.016552462554219775, "transferred": 0, "sibling_nr": 1, "id": 42, "children": [{"label": "97", "color": 2, "tstamp": 0.0, "dist": 0.004334738692264701, "transferred": 1, "sibling_nr": 0, "id": 97}, {"label": "96", "color": 6, "tstamp": 0.0, "dist": 0.004334738692264701, "transferred": 0, "sibling_nr": 1, "id": 96}]}]}]}, {"label": "D", "color": [3, 5], "tstamp": 0.02387847501544355, "dist": 0.3791270940691454, "transferred": 0, "sibling_nr": 1, "id": 11, "children": [{"label": "S", "color": 5, "tstamp": 0.020887201246484476, "dist": 0.0029912737689590727, "transferred": 0, "sibling_nr": 0, "id": 38, "children": [{"label": "S", "color": 7, "tstamp": 0.011618619201795037, "dist": 0.009268582044689439, "transferred": 0, "sibling_nr": 0,